Dataset,kernel_length,Accuracy
ACSF1,3,0.86
ACSF1,4,0.86
ACSF1,5,0.85
ACSF1,6,0.87
ACSF1,7,0.91
ACSF1,8,0.84
ACSF1,9,0.86
ACSF1,10,0.87
ACSF1,11,0.87
ACSF1,12,0.84
ACSF1,13,0.85
ACSF1,14,0.87
ACSF1,15,0.83
Adiac,3,0.7237851662404092
Adiac,4,0.7391304347826086
Adiac,5,0.7416879795396419
Adiac,6,0.7391304347826086
Adiac,7,0.7698209718670077
Adiac,8,0.7647058823529411
Adiac,9,0.7621483375959079
Adiac,10,0.7595907928388747
Adiac,11,0.7544757033248082
Adiac,12,0.7570332480818415
Adiac,13,0.7544757033248082
Adiac,14,0.7595907928388747
Adiac,15,0.7698209718670077
ArrowHead,3,0.8057142857142857
ArrowHead,4,0.8
ArrowHead,5,0.7942857142857143
ArrowHead,6,0.7714285714285715
ArrowHead,7,0.7828571428571428
ArrowHead,8,0.8114285714285714
ArrowHead,9,0.7714285714285715
ArrowHead,10,0.8457142857142858
ArrowHead,11,0.8228571428571428
ArrowHead,12,0.8228571428571428
ArrowHead,13,0.8228571428571428
ArrowHead,14,0.7942857142857143
ArrowHead,15,0.7942857142857143
BME,3,1.0
BME,4,1.0
BME,5,1.0
BME,6,1.0
BME,7,1.0
BME,8,1.0
BME,9,1.0
BME,10,1.0
BME,11,1.0
BME,12,1.0
BME,13,1.0
BME,14,1.0
BME,15,1.0
Beef,3,0.7333333333333333
Beef,4,0.7666666666666667
Beef,5,0.7333333333333333
Beef,6,0.7666666666666667
Beef,7,0.8
Beef,8,0.8
Beef,9,0.8333333333333334
Beef,10,0.8333333333333334
Beef,11,0.8666666666666667
Beef,12,0.8666666666666667
Beef,13,0.8333333333333334
Beef,14,0.8333333333333334
Beef,15,0.8666666666666667
BeetleFly,3,0.85
BeetleFly,4,0.8
BeetleFly,5,0.85
BeetleFly,6,0.9
BeetleFly,7,0.9
BeetleFly,8,0.9
BeetleFly,9,0.85
BeetleFly,10,0.9
BeetleFly,11,0.9
BeetleFly,12,0.9
BeetleFly,13,0.85
BeetleFly,14,0.9
BeetleFly,15,0.9
BirdChicken,3,0.8
BirdChicken,4,0.9
BirdChicken,5,0.8
BirdChicken,6,0.9
BirdChicken,7,0.9
BirdChicken,8,0.9
BirdChicken,9,0.8
BirdChicken,10,0.9
BirdChicken,11,0.9
BirdChicken,12,0.9
BirdChicken,13,0.9
BirdChicken,14,0.85
BirdChicken,15,0.9
CBF,3,1.0
CBF,4,1.0
CBF,5,1.0
CBF,6,1.0
CBF,7,1.0
CBF,8,1.0
CBF,9,1.0
CBF,10,1.0
CBF,11,1.0
CBF,12,1.0
CBF,13,1.0
CBF,14,1.0
CBF,15,0.9988888888888889
Car,3,0.8666666666666667
Car,4,0.8833333333333333
Car,5,0.9166666666666666
Car,6,0.9166666666666666
Car,7,0.9
Car,8,0.9
Car,9,0.9
Car,10,0.8666666666666667
Car,11,0.9166666666666666
Car,12,0.8833333333333333
Car,13,0.9
Car,14,0.9166666666666666
Car,15,0.9
Chinatown,3,0.967930029154519
Chinatown,4,0.9737609329446064
Chinatown,5,0.9766763848396501
Chinatown,6,0.9795918367346939
Chinatown,7,0.9825072886297376
Chinatown,8,0.9795918367346939
Chinatown,9,0.9825072886297376
Chinatown,10,0.9825072886297376
Chinatown,11,0.9825072886297376
Chinatown,12,0.9854227405247813
Chinatown,13,0.9825072886297376
Chinatown,14,0.9825072886297376
Chinatown,15,0.9825072886297376
ChlorineConcentration,3,0.5838541666666667
ChlorineConcentration,4,0.6559895833333333
ChlorineConcentration,5,0.6763020833333333
ChlorineConcentration,6,0.73515625
ChlorineConcentration,7,0.58828125
ChlorineConcentration,8,0.7479166666666667
ChlorineConcentration,9,0.7591145833333334
ChlorineConcentration,10,0.7361979166666667
ChlorineConcentration,11,0.7432291666666667
ChlorineConcentration,12,0.7591145833333334
ChlorineConcentration,13,0.75546875
ChlorineConcentration,14,0.6018229166666667
ChlorineConcentration,15,0.7393229166666667
CinCECGTorso,3,0.8594202898550725
CinCECGTorso,4,0.8282608695652174
CinCECGTorso,5,0.8724637681159421
CinCECGTorso,6,0.8144927536231884
CinCECGTorso,7,0.8340579710144927
CinCECGTorso,8,0.8463768115942029
CinCECGTorso,9,0.8369565217391305
CinCECGTorso,10,0.8246376811594203
CinCECGTorso,11,0.8586956521739131
CinCECGTorso,12,0.8195652173913044
CinCECGTorso,13,0.7956521739130434
CinCECGTorso,14,0.8246376811594203
CinCECGTorso,15,0.7927536231884058
Coffee,3,1.0
Coffee,4,1.0
Coffee,5,1.0
Coffee,6,1.0
Coffee,7,1.0
Coffee,8,1.0
Coffee,9,1.0
Coffee,10,1.0
Coffee,11,1.0
Coffee,12,1.0
Coffee,13,1.0
Coffee,14,1.0
Coffee,15,1.0
Computers,3,0.788
Computers,4,0.784
Computers,5,0.788
Computers,6,0.772
Computers,7,0.76
Computers,8,0.756
Computers,9,0.744
Computers,10,0.772
Computers,11,0.764
Computers,12,0.764
Computers,13,0.708
Computers,14,0.752
Computers,15,0.736
CricketX,3,0.7871794871794872
CricketX,4,0.8
CricketX,5,0.7846153846153846
CricketX,6,0.7769230769230769
CricketX,7,0.7794871794871795
CricketX,8,0.7846153846153846
CricketX,9,0.8051282051282052
CricketX,10,0.7923076923076923
CricketX,11,0.782051282051282
CricketX,12,0.8076923076923077
CricketX,13,0.7948717948717948
CricketX,14,0.8
CricketX,15,0.8
CricketY,3,0.8025641025641026
CricketY,4,0.8282051282051283
CricketY,5,0.8307692307692308
CricketY,6,0.8461538461538461
CricketY,7,0.8333333333333334
CricketY,8,0.8282051282051283
CricketY,9,0.8307692307692308
CricketY,10,0.8282051282051283
CricketY,11,0.8333333333333334
CricketY,12,0.8153846153846154
CricketY,13,0.8205128205128205
CricketY,14,0.8153846153846154
CricketY,15,0.823076923076923
CricketZ,3,0.8256410256410256
CricketZ,4,0.8358974358974359
CricketZ,5,0.8358974358974359
CricketZ,6,0.841025641025641
CricketZ,7,0.8384615384615385
CricketZ,8,0.8205128205128205
CricketZ,9,0.8282051282051283
CricketZ,10,0.8384615384615385
CricketZ,11,0.8256410256410256
CricketZ,12,0.8435897435897436
CricketZ,13,0.8384615384615385
CricketZ,14,0.8076923076923077
CricketZ,15,0.8307692307692308
Crop,3,0.7161904761904762
Crop,4,0.7357738095238096
Crop,5,0.7392857142857143
Crop,6,0.7429761904761905
Crop,7,0.74875
Crop,8,0.7480952380952381
Crop,9,0.7522023809523809
Crop,10,0.7498809523809524
Crop,11,0.7498809523809524
Crop,12,0.7545238095238095
Crop,13,0.7492261904761904
Crop,14,0.7494047619047619
Crop,15,0.7518452380952381
DiatomSizeReduction,3,0.9640522875816994
DiatomSizeReduction,4,0.9509803921568627
DiatomSizeReduction,5,0.9509803921568627
DiatomSizeReduction,6,0.9738562091503268
DiatomSizeReduction,7,0.954248366013072
DiatomSizeReduction,8,0.9869281045751634
DiatomSizeReduction,9,0.9607843137254902
DiatomSizeReduction,10,0.9575163398692811
DiatomSizeReduction,11,0.9607843137254902
DiatomSizeReduction,12,0.9575163398692811
DiatomSizeReduction,13,0.9509803921568627
DiatomSizeReduction,14,0.9640522875816994
DiatomSizeReduction,15,0.9771241830065359
DistalPhalanxOutlineAgeGroup,3,0.7410071942446043
DistalPhalanxOutlineAgeGroup,4,0.7122302158273381
DistalPhalanxOutlineAgeGroup,5,0.7482014388489209
DistalPhalanxOutlineAgeGroup,6,0.7338129496402878
DistalPhalanxOutlineAgeGroup,7,0.7553956834532374
DistalPhalanxOutlineAgeGroup,8,0.7553956834532374
DistalPhalanxOutlineAgeGroup,9,0.7553956834532374
DistalPhalanxOutlineAgeGroup,10,0.7482014388489209
DistalPhalanxOutlineAgeGroup,11,0.7553956834532374
DistalPhalanxOutlineAgeGroup,12,0.7194244604316546
DistalPhalanxOutlineAgeGroup,13,0.7338129496402878
DistalPhalanxOutlineAgeGroup,14,0.7482014388489209
DistalPhalanxOutlineAgeGroup,15,0.7410071942446043
DistalPhalanxOutlineCorrect,3,0.7572463768115942
DistalPhalanxOutlineCorrect,4,0.7753623188405797
DistalPhalanxOutlineCorrect,5,0.7572463768115942
DistalPhalanxOutlineCorrect,6,0.7681159420289855
DistalPhalanxOutlineCorrect,7,0.7644927536231884
DistalPhalanxOutlineCorrect,8,0.7608695652173914
DistalPhalanxOutlineCorrect,9,0.7753623188405797
DistalPhalanxOutlineCorrect,10,0.7572463768115942
DistalPhalanxOutlineCorrect,11,0.7971014492753623
DistalPhalanxOutlineCorrect,12,0.7572463768115942
DistalPhalanxOutlineCorrect,13,0.7608695652173914
DistalPhalanxOutlineCorrect,14,0.7753623188405797
DistalPhalanxOutlineCorrect,15,0.7753623188405797
DistalPhalanxTW,3,0.7050359712230215
DistalPhalanxTW,4,0.7194244604316546
DistalPhalanxTW,5,0.697841726618705
DistalPhalanxTW,6,0.7122302158273381
DistalPhalanxTW,7,0.6906474820143885
DistalPhalanxTW,8,0.6906474820143885
DistalPhalanxTW,9,0.697841726618705
DistalPhalanxTW,10,0.6906474820143885
DistalPhalanxTW,11,0.7122302158273381
DistalPhalanxTW,12,0.6906474820143885
DistalPhalanxTW,13,0.6834532374100719
DistalPhalanxTW,14,0.697841726618705
DistalPhalanxTW,15,0.6906474820143885
ECG200,3,0.87
ECG200,4,0.9
ECG200,5,0.9
ECG200,6,0.91
ECG200,7,0.88
ECG200,8,0.89
ECG200,9,0.88
ECG200,10,0.88
ECG200,11,0.91
ECG200,12,0.91
ECG200,13,0.9
ECG200,14,0.87
ECG200,15,0.91
ECG5000,3,0.9433333333333334
ECG5000,4,0.946
ECG5000,5,0.9471111111111111
ECG5000,6,0.9462222222222222
ECG5000,7,0.9468888888888889
ECG5000,8,0.948
ECG5000,9,0.948
ECG5000,10,0.9477777777777778
ECG5000,11,0.948
ECG5000,12,0.9491111111111111
ECG5000,13,0.9486666666666667
ECG5000,14,0.948
ECG5000,15,0.9468888888888889
ECGFiveDays,3,1.0
ECGFiveDays,4,1.0
ECGFiveDays,5,1.0
ECGFiveDays,6,1.0
ECGFiveDays,7,1.0
ECGFiveDays,8,1.0
ECGFiveDays,9,1.0
ECGFiveDays,10,1.0
ECGFiveDays,11,1.0
ECGFiveDays,12,1.0
ECGFiveDays,13,1.0
ECGFiveDays,14,1.0
ECGFiveDays,15,1.0
EOGHorizontalSignal,3,0.5828729281767956
EOGHorizontalSignal,4,0.585635359116022
EOGHorizontalSignal,5,0.5662983425414365
EOGHorizontalSignal,6,0.5939226519337016
EOGHorizontalSignal,7,0.5524861878453039
EOGHorizontalSignal,8,0.5441988950276243
EOGHorizontalSignal,9,0.56353591160221
EOGHorizontalSignal,10,0.5773480662983426
EOGHorizontalSignal,11,0.585635359116022
EOGHorizontalSignal,12,0.574585635359116
EOGHorizontalSignal,13,0.6022099447513812
EOGHorizontalSignal,14,0.5828729281767956
EOGHorizontalSignal,15,0.5524861878453039
EOGVerticalSignal,3,0.48066298342541436
EOGVerticalSignal,4,0.5
EOGVerticalSignal,5,0.5165745856353591
EOGVerticalSignal,6,0.5331491712707183
EOGVerticalSignal,7,0.5138121546961326
EOGVerticalSignal,8,0.5469613259668509
EOGVerticalSignal,9,0.5580110497237569
EOGVerticalSignal,10,0.5359116022099447
EOGVerticalSignal,11,0.5414364640883977
EOGVerticalSignal,12,0.5469613259668509
EOGVerticalSignal,13,0.5497237569060773
EOGVerticalSignal,14,0.5414364640883977
EOGVerticalSignal,15,0.5414364640883977
Earthquakes,3,0.7482014388489209
Earthquakes,4,0.7482014388489209
Earthquakes,5,0.7482014388489209
Earthquakes,6,0.7482014388489209
Earthquakes,7,0.7482014388489209
Earthquakes,8,0.7482014388489209
Earthquakes,9,0.7482014388489209
Earthquakes,10,0.7482014388489209
Earthquakes,11,0.7482014388489209
Earthquakes,12,0.7482014388489209
Earthquakes,13,0.7482014388489209
Earthquakes,14,0.7482014388489209
Earthquakes,15,0.7482014388489209
ElectricDevices,3,0.7299961094540267
ElectricDevices,4,0.733367915964207
ElectricDevices,5,0.7357022435481779
ElectricDevices,6,0.7417974322396577
ElectricDevices,7,0.7276617818700558
ElectricDevices,8,0.7178057320710673
ElectricDevices,9,0.7154714044870963
ElectricDevices,10,0.7162495136817534
ElectricDevices,11,0.7166385682790818
ElectricDevices,12,0.7170276228764103
ElectricDevices,13,0.7100246401244975
ElectricDevices,14,0.6992607962650759
ElectricDevices,15,0.6986123719361951
EthanolLevel,3,0.572
EthanolLevel,4,0.584
EthanolLevel,5,0.58
EthanolLevel,6,0.582
EthanolLevel,7,0.57
EthanolLevel,8,0.572
EthanolLevel,9,0.584
EthanolLevel,10,0.566
EthanolLevel,11,0.564
EthanolLevel,12,0.544
EthanolLevel,13,0.568
EthanolLevel,14,0.562
EthanolLevel,15,0.586
FaceAll,3,0.9520710059171598
FaceAll,4,0.9479289940828403
FaceAll,5,0.9473372781065089
FaceAll,6,0.9479289940828403
FaceAll,7,0.9473372781065089
FaceAll,8,0.9437869822485208
FaceAll,9,0.9467455621301775
FaceAll,10,0.9402366863905326
FaceAll,11,0.9402366863905326
FaceAll,12,0.927810650887574
FaceAll,13,0.9142011834319527
FaceAll,14,0.9355029585798816
FaceAll,15,0.906508875739645
FaceFour,3,0.9431818181818182
FaceFour,4,0.9772727272727273
FaceFour,5,0.9772727272727273
FaceFour,6,0.9772727272727273
FaceFour,7,0.9772727272727273
FaceFour,8,0.9772727272727273
FaceFour,9,0.9772727272727273
FaceFour,10,0.9772727272727273
FaceFour,11,0.9772727272727273
FaceFour,12,0.9659090909090909
FaceFour,13,0.9659090909090909
FaceFour,14,0.9772727272727273
FaceFour,15,0.9772727272727273
FacesUCR,3,0.9560975609756097
FacesUCR,4,0.9575609756097561
FacesUCR,5,0.9585365853658536
FacesUCR,6,0.9595121951219512
FacesUCR,7,0.9639024390243902
FacesUCR,8,0.9619512195121951
FacesUCR,9,0.9619512195121951
FacesUCR,10,0.9619512195121951
FacesUCR,11,0.9595121951219512
FacesUCR,12,0.9629268292682926
FacesUCR,13,0.9619512195121951
FacesUCR,14,0.9609756097560975
FacesUCR,15,0.9609756097560975
FiftyWords,3,0.7956043956043956
FiftyWords,4,0.8131868131868132
FiftyWords,5,0.8087912087912088
FiftyWords,6,0.8285714285714286
FiftyWords,7,0.8263736263736263
FiftyWords,8,0.8307692307692308
FiftyWords,9,0.8307692307692308
FiftyWords,10,0.8307692307692308
FiftyWords,11,0.8285714285714286
FiftyWords,12,0.8241758241758241
FiftyWords,13,0.8307692307692308
FiftyWords,14,0.8219780219780219
FiftyWords,15,0.8307692307692308
Fish,3,0.96
Fish,4,0.9657142857142857
Fish,5,0.9828571428571429
Fish,6,0.9828571428571429
Fish,7,0.9771428571428571
Fish,8,0.9828571428571429
Fish,9,0.9828571428571429
Fish,10,0.9828571428571429
Fish,11,0.9885714285714285
Fish,12,0.9771428571428571
Fish,13,0.9828571428571429
Fish,14,0.9828571428571429
Fish,15,0.9771428571428571
FordA,3,0.9272727272727272
FordA,4,0.9303030303030303
FordA,5,0.9393939393939394
FordA,6,0.9333333333333333
FordA,7,0.9348484848484848
FordA,8,0.9363636363636364
FordA,9,0.931060606060606
FordA,10,0.931060606060606
FordA,11,0.9340909090909091
FordA,12,0.9356060606060606
FordA,13,0.9295454545454546
FordA,14,0.9356060606060606
FordA,15,0.9348484848484848
FordB,3,0.7567901234567901
FordB,4,0.7839506172839507
FordB,5,0.7888888888888889
FordB,6,0.8049382716049382
FordB,7,0.8024691358024691
FordB,8,0.7987654320987654
FordB,9,0.8012345679012346
FordB,10,0.8024691358024691
FordB,11,0.7962962962962963
FordB,12,0.7888888888888889
FordB,13,0.8012345679012346
FordB,14,0.8037037037037037
FordB,15,0.8049382716049382
FreezerRegularTrain,3,0.996140350877193
FreezerRegularTrain,4,0.9971929824561403
FreezerRegularTrain,5,0.9964912280701754
FreezerRegularTrain,6,0.9978947368421053
FreezerRegularTrain,7,0.9975438596491228
FreezerRegularTrain,8,0.9978947368421053
FreezerRegularTrain,9,0.9975438596491228
FreezerRegularTrain,10,0.9975438596491228
FreezerRegularTrain,11,0.9964912280701754
FreezerRegularTrain,12,0.9975438596491228
FreezerRegularTrain,13,0.9978947368421053
FreezerRegularTrain,14,0.9982456140350877
FreezerRegularTrain,15,0.9971929824561403
FreezerSmallTrain,3,0.9649122807017544
FreezerSmallTrain,4,0.9533333333333334
FreezerSmallTrain,5,0.9589473684210527
FreezerSmallTrain,6,0.9543859649122807
FreezerSmallTrain,7,0.9501754385964912
FreezerSmallTrain,8,0.9442105263157895
FreezerSmallTrain,9,0.963859649122807
FreezerSmallTrain,10,0.9536842105263158
FreezerSmallTrain,11,0.952280701754386
FreezerSmallTrain,12,0.9571929824561404
FreezerSmallTrain,13,0.9501754385964912
FreezerSmallTrain,14,0.9498245614035088
FreezerSmallTrain,15,0.9564912280701754
Fungi,3,1.0
Fungi,4,1.0
Fungi,5,1.0
Fungi,6,1.0
Fungi,7,1.0
Fungi,8,1.0
Fungi,9,1.0
Fungi,10,1.0
Fungi,11,1.0
Fungi,12,1.0
Fungi,13,1.0
Fungi,14,1.0
Fungi,15,1.0
GunPoint,3,0.9933333333333333
GunPoint,4,1.0
GunPoint,5,1.0
GunPoint,6,1.0
GunPoint,7,1.0
GunPoint,8,1.0
GunPoint,9,1.0
GunPoint,10,1.0
GunPoint,11,1.0
GunPoint,12,1.0
GunPoint,13,1.0
GunPoint,14,1.0
GunPoint,15,1.0
GunPointAgeSpan,3,0.9873417721518988
GunPointAgeSpan,4,0.9841772151898734
GunPointAgeSpan,5,0.9841772151898734
GunPointAgeSpan,6,0.9873417721518988
GunPointAgeSpan,7,0.990506329113924
GunPointAgeSpan,8,0.990506329113924
GunPointAgeSpan,9,0.990506329113924
GunPointAgeSpan,10,0.990506329113924
GunPointAgeSpan,11,0.9873417721518988
GunPointAgeSpan,12,0.990506329113924
GunPointAgeSpan,13,0.990506329113924
GunPointAgeSpan,14,0.990506329113924
GunPointAgeSpan,15,0.990506329113924
GunPointMaleVersusFemale,3,0.9968354430379747
GunPointMaleVersusFemale,4,0.9968354430379747
GunPointMaleVersusFemale,5,0.9968354430379747
GunPointMaleVersusFemale,6,1.0
GunPointMaleVersusFemale,7,1.0
GunPointMaleVersusFemale,8,1.0
GunPointMaleVersusFemale,9,1.0
GunPointMaleVersusFemale,10,1.0
GunPointMaleVersusFemale,11,1.0
GunPointMaleVersusFemale,12,1.0
GunPointMaleVersusFemale,13,0.9968354430379747
GunPointMaleVersusFemale,14,1.0
GunPointMaleVersusFemale,15,0.9968354430379747
GunPointOldVersusYoung,3,1.0
GunPointOldVersusYoung,4,1.0
GunPointOldVersusYoung,5,1.0
GunPointOldVersusYoung,6,1.0
GunPointOldVersusYoung,7,1.0
GunPointOldVersusYoung,8,1.0
GunPointOldVersusYoung,9,1.0
GunPointOldVersusYoung,10,1.0
GunPointOldVersusYoung,11,1.0
GunPointOldVersusYoung,12,1.0
GunPointOldVersusYoung,13,1.0
GunPointOldVersusYoung,14,1.0
GunPointOldVersusYoung,15,1.0
Ham,3,0.7523809523809524
Ham,4,0.7428571428571429
Ham,5,0.7238095238095238
Ham,6,0.7428571428571429
Ham,7,0.7142857142857143
Ham,8,0.7238095238095238
Ham,9,0.7142857142857143
Ham,10,0.7142857142857143
Ham,11,0.7428571428571429
Ham,12,0.7238095238095238
Ham,13,0.7142857142857143
Ham,14,0.7428571428571429
Ham,15,0.7142857142857143
HandOutlines,3,0.9405405405405406
HandOutlines,4,0.9459459459459459
HandOutlines,5,0.9459459459459459
HandOutlines,6,0.9432432432432433
HandOutlines,7,0.9432432432432433
HandOutlines,8,0.9405405405405406
HandOutlines,9,0.9432432432432433
HandOutlines,10,0.9459459459459459
HandOutlines,11,0.9459459459459459
HandOutlines,12,0.9432432432432433
HandOutlines,13,0.9513513513513514
HandOutlines,14,0.9459459459459459
HandOutlines,15,0.9459459459459459
Haptics,3,0.4837662337662338
Haptics,4,0.5
Haptics,5,0.5162337662337663
Haptics,6,0.525974025974026
Haptics,7,0.5227272727272727
Haptics,8,0.5454545454545454
Haptics,9,0.5292207792207793
Haptics,10,0.525974025974026
Haptics,11,0.5422077922077922
Haptics,12,0.5422077922077922
Haptics,13,0.5324675324675324
Haptics,14,0.538961038961039
Haptics,15,0.5454545454545454
Herring,3,0.625
Herring,4,0.625
Herring,5,0.609375
Herring,6,0.609375
Herring,7,0.640625
Herring,8,0.625
Herring,9,0.609375
Herring,10,0.609375
Herring,11,0.625
Herring,12,0.59375
Herring,13,0.609375
Herring,14,0.640625
Herring,15,0.625
HouseTwenty,3,0.9663865546218487
HouseTwenty,4,0.957983193277311
HouseTwenty,5,0.957983193277311
HouseTwenty,6,0.957983193277311
HouseTwenty,7,0.9663865546218487
HouseTwenty,8,0.957983193277311
HouseTwenty,9,0.957983193277311
HouseTwenty,10,0.9747899159663865
HouseTwenty,11,0.957983193277311
HouseTwenty,12,0.9663865546218487
HouseTwenty,13,0.9747899159663865
HouseTwenty,14,0.9663865546218487
HouseTwenty,15,0.9747899159663865
InlineSkate,3,0.49636363636363634
InlineSkate,4,0.4818181818181818
InlineSkate,5,0.48727272727272725
InlineSkate,6,0.48545454545454547
InlineSkate,7,0.48363636363636364
InlineSkate,8,0.48545454545454547
InlineSkate,9,0.4727272727272727
InlineSkate,10,0.48
InlineSkate,11,0.4763636363636364
InlineSkate,12,0.46545454545454545
InlineSkate,13,0.4690909090909091
InlineSkate,14,0.46545454545454545
InlineSkate,15,0.4672727272727273
InsectEPGRegularTrain,3,1.0
InsectEPGRegularTrain,4,1.0
InsectEPGRegularTrain,5,1.0
InsectEPGRegularTrain,6,1.0
InsectEPGRegularTrain,7,1.0
InsectEPGRegularTrain,8,1.0
InsectEPGRegularTrain,9,1.0
InsectEPGRegularTrain,10,1.0
InsectEPGRegularTrain,11,1.0
InsectEPGRegularTrain,12,1.0
InsectEPGRegularTrain,13,1.0
InsectEPGRegularTrain,14,1.0
InsectEPGRegularTrain,15,1.0
InsectEPGSmallTrain,3,1.0
InsectEPGSmallTrain,4,1.0
InsectEPGSmallTrain,5,1.0
InsectEPGSmallTrain,6,1.0
InsectEPGSmallTrain,7,1.0
InsectEPGSmallTrain,8,1.0
InsectEPGSmallTrain,9,1.0
InsectEPGSmallTrain,10,1.0
InsectEPGSmallTrain,11,1.0
InsectEPGSmallTrain,12,1.0
InsectEPGSmallTrain,13,1.0
InsectEPGSmallTrain,14,1.0
InsectEPGSmallTrain,15,1.0
InsectWingbeatSound,3,0.6575757575757576
InsectWingbeatSound,4,0.658080808080808
InsectWingbeatSound,5,0.6631313131313131
InsectWingbeatSound,6,0.6631313131313131
InsectWingbeatSound,7,0.6666666666666666
InsectWingbeatSound,8,0.6686868686868687
InsectWingbeatSound,9,0.6656565656565656
InsectWingbeatSound,10,0.6686868686868687
InsectWingbeatSound,11,0.6661616161616162
InsectWingbeatSound,12,0.6656565656565656
InsectWingbeatSound,13,0.6621212121212121
InsectWingbeatSound,14,0.6626262626262627
InsectWingbeatSound,15,0.6631313131313131
ItalyPowerDemand,3,0.9591836734693877
ItalyPowerDemand,4,0.9659863945578231
ItalyPowerDemand,5,0.9659863945578231
ItalyPowerDemand,6,0.9689018464528668
ItalyPowerDemand,7,0.9689018464528668
ItalyPowerDemand,8,0.9698736637512148
ItalyPowerDemand,9,0.9698736637512148
ItalyPowerDemand,10,0.9689018464528668
ItalyPowerDemand,11,0.9708454810495627
ItalyPowerDemand,12,0.9698736637512148
ItalyPowerDemand,13,0.966958211856171
ItalyPowerDemand,14,0.9650145772594753
ItalyPowerDemand,15,0.966958211856171
LargeKitchenAppliances,3,0.8826666666666667
LargeKitchenAppliances,4,0.8906666666666667
LargeKitchenAppliances,5,0.8986666666666666
LargeKitchenAppliances,6,0.8933333333333333
LargeKitchenAppliances,7,0.8986666666666666
LargeKitchenAppliances,8,0.912
LargeKitchenAppliances,9,0.9013333333333333
LargeKitchenAppliances,10,0.904
LargeKitchenAppliances,11,0.9013333333333333
LargeKitchenAppliances,12,0.888
LargeKitchenAppliances,13,0.8933333333333333
LargeKitchenAppliances,14,0.8933333333333333
LargeKitchenAppliances,15,0.888
Lightning2,3,0.819672131147541
Lightning2,4,0.819672131147541
Lightning2,5,0.8032786885245902
Lightning2,6,0.7868852459016393
Lightning2,7,0.7868852459016393
Lightning2,8,0.7868852459016393
Lightning2,9,0.7868852459016393
Lightning2,10,0.7868852459016393
Lightning2,11,0.7868852459016393
Lightning2,12,0.7704918032786885
Lightning2,13,0.7704918032786885
Lightning2,14,0.7704918032786885
Lightning2,15,0.7704918032786885
Lightning7,3,0.821917808219178
Lightning7,4,0.821917808219178
Lightning7,5,0.821917808219178
Lightning7,6,0.821917808219178
Lightning7,7,0.821917808219178
Lightning7,8,0.8356164383561644
Lightning7,9,0.8356164383561644
Lightning7,10,0.8082191780821918
Lightning7,11,0.8082191780821918
Lightning7,12,0.7945205479452054
Lightning7,13,0.8082191780821918
Lightning7,14,0.8082191780821918
Lightning7,15,0.8082191780821918
Mallat,3,0.9573560767590619
Mallat,4,0.9547974413646055
Mallat,5,0.9573560767590619
Mallat,6,0.9582089552238806
Mallat,7,0.9590618336886994
Mallat,8,0.9539445628997868
Mallat,9,0.9556503198294243
Mallat,10,0.9543710021321962
Mallat,11,0.9573560767590619
Mallat,12,0.9543710021321962
Mallat,13,0.9556503198294243
Mallat,14,0.9569296375266525
Mallat,15,0.9552238805970149
Meat,3,0.95
Meat,4,0.95
Meat,5,0.9333333333333333
Meat,6,0.95
Meat,7,0.95
Meat,8,0.95
Meat,9,0.95
Meat,10,0.95
Meat,11,0.95
Meat,12,0.95
Meat,13,0.95
Meat,14,0.95
Meat,15,0.95
MedicalImages,3,0.7894736842105263
MedicalImages,4,0.7894736842105263
MedicalImages,5,0.7973684210526316
MedicalImages,6,0.7907894736842105
MedicalImages,7,0.7986842105263158
MedicalImages,8,0.8039473684210526
MedicalImages,9,0.7986842105263158
MedicalImages,10,0.7960526315789473
MedicalImages,11,0.8026315789473685
MedicalImages,12,0.7973684210526316
MedicalImages,13,0.7986842105263158
MedicalImages,14,0.7947368421052632
MedicalImages,15,0.7947368421052632
MiddlePhalanxOutlineAgeGroup,3,0.512987012987013
MiddlePhalanxOutlineAgeGroup,4,0.551948051948052
MiddlePhalanxOutlineAgeGroup,5,0.5194805194805194
MiddlePhalanxOutlineAgeGroup,6,0.538961038961039
MiddlePhalanxOutlineAgeGroup,7,0.538961038961039
MiddlePhalanxOutlineAgeGroup,8,0.564935064935065
MiddlePhalanxOutlineAgeGroup,9,0.564935064935065
MiddlePhalanxOutlineAgeGroup,10,0.538961038961039
MiddlePhalanxOutlineAgeGroup,11,0.551948051948052
MiddlePhalanxOutlineAgeGroup,12,0.5324675324675324
MiddlePhalanxOutlineAgeGroup,13,0.577922077922078
MiddlePhalanxOutlineAgeGroup,14,0.5584415584415584
MiddlePhalanxOutlineAgeGroup,15,0.5584415584415584
MiddlePhalanxOutlineCorrect,3,0.8213058419243986
MiddlePhalanxOutlineCorrect,4,0.852233676975945
MiddlePhalanxOutlineCorrect,5,0.845360824742268
MiddlePhalanxOutlineCorrect,6,0.8247422680412371
MiddlePhalanxOutlineCorrect,7,0.8350515463917526
MiddlePhalanxOutlineCorrect,8,0.8487972508591065
MiddlePhalanxOutlineCorrect,9,0.8350515463917526
MiddlePhalanxOutlineCorrect,10,0.8316151202749141
MiddlePhalanxOutlineCorrect,11,0.8281786941580757
MiddlePhalanxOutlineCorrect,12,0.8350515463917526
MiddlePhalanxOutlineCorrect,13,0.8487972508591065
MiddlePhalanxOutlineCorrect,14,0.8419243986254296
MiddlePhalanxOutlineCorrect,15,0.8350515463917526
MiddlePhalanxTW,3,0.5454545454545454
MiddlePhalanxTW,4,0.5324675324675324
MiddlePhalanxTW,5,0.5324675324675324
MiddlePhalanxTW,6,0.5454545454545454
MiddlePhalanxTW,7,0.5324675324675324
MiddlePhalanxTW,8,0.551948051948052
MiddlePhalanxTW,9,0.5584415584415584
MiddlePhalanxTW,10,0.5454545454545454
MiddlePhalanxTW,11,0.512987012987013
MiddlePhalanxTW,12,0.564935064935065
MiddlePhalanxTW,13,0.577922077922078
MiddlePhalanxTW,14,0.564935064935065
MiddlePhalanxTW,15,0.564935064935065
MixedShapesRegularTrain,3,0.9649484536082474
MixedShapesRegularTrain,4,0.9694845360824742
MixedShapesRegularTrain,5,0.9707216494845361
MixedShapesRegularTrain,6,0.9723711340206186
MixedShapesRegularTrain,7,0.9703092783505155
MixedShapesRegularTrain,8,0.9752577319587629
MixedShapesRegularTrain,9,0.9703092783505155
MixedShapesRegularTrain,10,0.9694845360824742
MixedShapesRegularTrain,11,0.9727835051546392
MixedShapesRegularTrain,12,0.9715463917525773
MixedShapesRegularTrain,13,0.9665979381443299
MixedShapesRegularTrain,14,0.9670103092783505
MixedShapesRegularTrain,15,0.9698969072164948
MixedShapesSmallTrain,3,0.9282474226804124
MixedShapesSmallTrain,4,0.931958762886598
MixedShapesSmallTrain,5,0.9344329896907216
MixedShapesSmallTrain,6,0.9385567010309278
MixedShapesSmallTrain,7,0.9385567010309278
MixedShapesSmallTrain,8,0.9385567010309278
MixedShapesSmallTrain,9,0.9381443298969072
MixedShapesSmallTrain,10,0.9385567010309278
MixedShapesSmallTrain,11,0.9352577319587629
MixedShapesSmallTrain,12,0.9393814432989691
MixedShapesSmallTrain,13,0.9393814432989691
MixedShapesSmallTrain,14,0.9422680412371134
MixedShapesSmallTrain,15,0.9418556701030928
MoteStrain,3,0.9241214057507987
MoteStrain,4,0.9241214057507987
MoteStrain,5,0.9241214057507987
MoteStrain,6,0.920926517571885
MoteStrain,7,0.9201277955271565
MoteStrain,8,0.9169329073482428
MoteStrain,9,0.9201277955271565
MoteStrain,10,0.9137380191693291
MoteStrain,11,0.9137380191693291
MoteStrain,12,0.9153354632587859
MoteStrain,13,0.90814696485623
MoteStrain,14,0.9097444089456869
MoteStrain,15,0.9073482428115016
NonInvasiveFetalECGThorax1,3,0.944529262086514
NonInvasiveFetalECGThorax1,4,0.9567430025445293
NonInvasiveFetalECGThorax1,5,0.9577608142493639
NonInvasiveFetalECGThorax1,6,0.9557251908396946
NonInvasiveFetalECGThorax1,7,0.9552162849872774
NonInvasiveFetalECGThorax1,8,0.9541984732824428
NonInvasiveFetalECGThorax1,9,0.9516539440203562
NonInvasiveFetalECGThorax1,10,0.9577608142493639
NonInvasiveFetalECGThorax1,11,0.9541984732824428
NonInvasiveFetalECGThorax1,12,0.956234096692112
NonInvasiveFetalECGThorax1,13,0.9577608142493639
NonInvasiveFetalECGThorax1,14,0.956234096692112
NonInvasiveFetalECGThorax1,15,0.9526717557251908
NonInvasiveFetalECGThorax2,3,0.9653944020356234
NonInvasiveFetalECGThorax2,4,0.9648854961832061
NonInvasiveFetalECGThorax2,5,0.9694656488549618
NonInvasiveFetalECGThorax2,6,0.9684478371501273
NonInvasiveFetalECGThorax2,7,0.9684478371501273
NonInvasiveFetalECGThorax2,8,0.9689567430025445
NonInvasiveFetalECGThorax2,9,0.9643765903307888
NonInvasiveFetalECGThorax2,10,0.9704834605597964
NonInvasiveFetalECGThorax2,11,0.9674300254452927
NonInvasiveFetalECGThorax2,12,0.9704834605597964
NonInvasiveFetalECGThorax2,13,0.9674300254452927
NonInvasiveFetalECGThorax2,14,0.9669211195928753
NonInvasiveFetalECGThorax2,15,0.9674300254452927
OSULeaf,3,0.9049586776859504
OSULeaf,4,0.9297520661157025
OSULeaf,5,0.9297520661157025
OSULeaf,6,0.9338842975206612
OSULeaf,7,0.9421487603305785
OSULeaf,8,0.9421487603305785
OSULeaf,9,0.9380165289256198
OSULeaf,10,0.9297520661157025
OSULeaf,11,0.9462809917355371
OSULeaf,12,0.9421487603305785
OSULeaf,13,0.9421487603305785
OSULeaf,14,0.9462809917355371
OSULeaf,15,0.9380165289256198
OliveOil,3,0.9
OliveOil,4,0.8666666666666667
OliveOil,5,0.9333333333333333
OliveOil,6,0.9333333333333333
OliveOil,7,0.9
OliveOil,8,0.9
OliveOil,9,0.9333333333333333
OliveOil,10,0.9333333333333333
OliveOil,11,0.9333333333333333
OliveOil,12,0.9
OliveOil,13,0.9333333333333333
OliveOil,14,0.9
OliveOil,15,0.9333333333333333
PhalangesOutlinesCorrect,3,0.8216783216783217
PhalangesOutlinesCorrect,4,0.8403263403263403
PhalangesOutlinesCorrect,5,0.8205128205128205
PhalangesOutlinesCorrect,6,0.831002331002331
PhalangesOutlinesCorrect,7,0.8391608391608392
PhalangesOutlinesCorrect,8,0.8321678321678322
PhalangesOutlinesCorrect,9,0.8391608391608392
PhalangesOutlinesCorrect,10,0.8263403263403264
PhalangesOutlinesCorrect,11,0.844988344988345
PhalangesOutlinesCorrect,12,0.8356643356643356
PhalangesOutlinesCorrect,13,0.8426573426573427
PhalangesOutlinesCorrect,14,0.8391608391608392
PhalangesOutlinesCorrect,15,0.8368298368298368
Phoneme,3,0.2790084388185654
Phoneme,4,0.28375527426160335
Phoneme,5,0.2911392405063291
Phoneme,6,0.2879746835443038
Phoneme,7,0.28270042194092826
Phoneme,8,0.2858649789029536
Phoneme,9,0.27637130801687765
Phoneme,10,0.27162447257383965
Phoneme,11,0.26951476793248946
Phoneme,12,0.2721518987341772
Phoneme,13,0.27162447257383965
Phoneme,14,0.26529535864978904
Phoneme,15,0.26635021097046413
PigAirwayPressure,3,0.7403846153846154
PigAirwayPressure,4,0.7451923076923077
PigAirwayPressure,5,0.7932692307692307
PigAirwayPressure,6,0.8076923076923077
PigAirwayPressure,7,0.8269230769230769
PigAirwayPressure,8,0.8028846153846154
PigAirwayPressure,9,0.7980769230769231
PigAirwayPressure,10,0.8028846153846154
PigAirwayPressure,11,0.8028846153846154
PigAirwayPressure,12,0.8173076923076923
PigAirwayPressure,13,0.7980769230769231
PigAirwayPressure,14,0.8557692307692307
PigAirwayPressure,15,0.8605769230769231
PigArtPressure,3,0.9567307692307693
PigArtPressure,4,0.9519230769230769
PigArtPressure,5,0.9615384615384616
PigArtPressure,6,0.9567307692307693
PigArtPressure,7,0.9615384615384616
PigArtPressure,8,0.9615384615384616
PigArtPressure,9,0.9567307692307693
PigArtPressure,10,0.9567307692307693
PigArtPressure,11,0.9519230769230769
PigArtPressure,12,0.9519230769230769
PigArtPressure,13,0.9519230769230769
PigArtPressure,14,0.9519230769230769
PigArtPressure,15,0.9519230769230769
PigCVP,3,0.9182692307692307
PigCVP,4,0.9278846153846154
PigCVP,5,0.9375
PigCVP,6,0.9375
PigCVP,7,0.9326923076923077
PigCVP,8,0.9326923076923077
PigCVP,9,0.9326923076923077
PigCVP,10,0.9278846153846154
PigCVP,11,0.9278846153846154
PigCVP,12,0.9278846153846154
PigCVP,13,0.9278846153846154
PigCVP,14,0.9278846153846154
PigCVP,15,0.9326923076923077
Plane,3,1.0
Plane,4,1.0
Plane,5,1.0
Plane,6,1.0
Plane,7,1.0
Plane,8,1.0
Plane,9,1.0
Plane,10,1.0
Plane,11,1.0
Plane,12,1.0
Plane,13,1.0
Plane,14,1.0
Plane,15,1.0
PowerCons,3,0.9611111111111111
PowerCons,4,0.9666666666666667
PowerCons,5,0.9722222222222222
PowerCons,6,0.9833333333333333
PowerCons,7,0.9833333333333333
PowerCons,8,0.9833333333333333
PowerCons,9,0.9833333333333333
PowerCons,10,0.9944444444444445
PowerCons,11,0.9833333333333333
PowerCons,12,0.9888888888888889
PowerCons,13,0.9833333333333333
PowerCons,14,1.0
PowerCons,15,0.9833333333333333
ProximalPhalanxOutlineAgeGroup,3,0.848780487804878
ProximalPhalanxOutlineAgeGroup,4,0.8634146341463415
ProximalPhalanxOutlineAgeGroup,5,0.8585365853658536
ProximalPhalanxOutlineAgeGroup,6,0.8585365853658536
ProximalPhalanxOutlineAgeGroup,7,0.8634146341463415
ProximalPhalanxOutlineAgeGroup,8,0.8585365853658536
ProximalPhalanxOutlineAgeGroup,9,0.8585365853658536
ProximalPhalanxOutlineAgeGroup,10,0.8585365853658536
ProximalPhalanxOutlineAgeGroup,11,0.8585365853658536
ProximalPhalanxOutlineAgeGroup,12,0.8585365853658536
ProximalPhalanxOutlineAgeGroup,13,0.8585365853658536
ProximalPhalanxOutlineAgeGroup,14,0.8585365853658536
ProximalPhalanxOutlineAgeGroup,15,0.8585365853658536
ProximalPhalanxOutlineCorrect,3,0.9072164948453608
ProximalPhalanxOutlineCorrect,4,0.9037800687285223
ProximalPhalanxOutlineCorrect,5,0.8969072164948454
ProximalPhalanxOutlineCorrect,6,0.9072164948453608
ProximalPhalanxOutlineCorrect,7,0.9003436426116839
ProximalPhalanxOutlineCorrect,8,0.8969072164948454
ProximalPhalanxOutlineCorrect,9,0.9003436426116839
ProximalPhalanxOutlineCorrect,10,0.8969072164948454
ProximalPhalanxOutlineCorrect,11,0.8969072164948454
ProximalPhalanxOutlineCorrect,12,0.9072164948453608
ProximalPhalanxOutlineCorrect,13,0.9072164948453608
ProximalPhalanxOutlineCorrect,14,0.9140893470790378
ProximalPhalanxOutlineCorrect,15,0.9072164948453608
ProximalPhalanxTW,3,0.7804878048780488
ProximalPhalanxTW,4,0.7951219512195122
ProximalPhalanxTW,5,0.7902439024390244
ProximalPhalanxTW,6,0.8146341463414634
ProximalPhalanxTW,7,0.8
ProximalPhalanxTW,8,0.7951219512195122
ProximalPhalanxTW,9,0.8
ProximalPhalanxTW,10,0.7853658536585366
ProximalPhalanxTW,11,0.7902439024390244
ProximalPhalanxTW,12,0.7902439024390244
ProximalPhalanxTW,13,0.8
ProximalPhalanxTW,14,0.7902439024390244
ProximalPhalanxTW,15,0.7951219512195122
RefrigerationDevices,3,0.5813333333333334
RefrigerationDevices,4,0.576
RefrigerationDevices,5,0.5733333333333334
RefrigerationDevices,6,0.5493333333333333
RefrigerationDevices,7,0.552
RefrigerationDevices,8,0.5226666666666666
RefrigerationDevices,9,0.528
RefrigerationDevices,10,0.5333333333333333
RefrigerationDevices,11,0.512
RefrigerationDevices,12,0.52
RefrigerationDevices,13,0.504
RefrigerationDevices,14,0.504
RefrigerationDevices,15,0.5066666666666667
Rock,3,0.62
Rock,4,0.62
Rock,5,0.7
Rock,6,0.66
Rock,7,0.68
Rock,8,0.68
Rock,9,0.68
Rock,10,0.66
Rock,11,0.66
Rock,12,0.68
Rock,13,0.7
Rock,14,0.68
Rock,15,0.68
ScreenType,3,0.5066666666666667
ScreenType,4,0.4826666666666667
ScreenType,5,0.49066666666666664
ScreenType,6,0.5146666666666667
ScreenType,7,0.496
ScreenType,8,0.4693333333333333
ScreenType,9,0.4693333333333333
ScreenType,10,0.472
ScreenType,11,0.488
ScreenType,12,0.456
ScreenType,13,0.4533333333333333
ScreenType,14,0.44533333333333336
ScreenType,15,0.44533333333333336
SemgHandGenderCh2,3,0.8716666666666667
SemgHandGenderCh2,4,0.895
SemgHandGenderCh2,5,0.885
SemgHandGenderCh2,6,0.9016666666666666
SemgHandGenderCh2,7,0.9
SemgHandGenderCh2,8,0.89
SemgHandGenderCh2,9,0.885
SemgHandGenderCh2,10,0.8816666666666667
SemgHandGenderCh2,11,0.89
SemgHandGenderCh2,12,0.8983333333333333
SemgHandGenderCh2,13,0.9
SemgHandGenderCh2,14,0.9033333333333333
SemgHandGenderCh2,15,0.9016666666666666
SemgHandMovementCh2,3,0.5955555555555555
SemgHandMovementCh2,4,0.5977777777777777
SemgHandMovementCh2,5,0.5955555555555555
SemgHandMovementCh2,6,0.6111111111111112
SemgHandMovementCh2,7,0.6066666666666667
SemgHandMovementCh2,8,0.6
SemgHandMovementCh2,9,0.5977777777777777
SemgHandMovementCh2,10,0.5888888888888889
SemgHandMovementCh2,11,0.6111111111111112
SemgHandMovementCh2,12,0.5844444444444444
SemgHandMovementCh2,13,0.5844444444444444
SemgHandMovementCh2,14,0.6088888888888889
SemgHandMovementCh2,15,0.5888888888888889
SemgHandSubjectCh2,3,0.8155555555555556
SemgHandSubjectCh2,4,0.8311111111111111
SemgHandSubjectCh2,5,0.82
SemgHandSubjectCh2,6,0.8444444444444444
SemgHandSubjectCh2,7,0.84
SemgHandSubjectCh2,8,0.8555555555555555
SemgHandSubjectCh2,9,0.8488888888888889
SemgHandSubjectCh2,10,0.8355555555555556
SemgHandSubjectCh2,11,0.8577777777777778
SemgHandSubjectCh2,12,0.8533333333333334
SemgHandSubjectCh2,13,0.8533333333333334
SemgHandSubjectCh2,14,0.8422222222222222
SemgHandSubjectCh2,15,0.8422222222222222
ShapeletSim,3,0.9833333333333333
ShapeletSim,4,1.0
ShapeletSim,5,1.0
ShapeletSim,6,1.0
ShapeletSim,7,1.0
ShapeletSim,8,1.0
ShapeletSim,9,1.0
ShapeletSim,10,1.0
ShapeletSim,11,1.0
ShapeletSim,12,1.0
ShapeletSim,13,1.0
ShapeletSim,14,0.9777777777777777
ShapeletSim,15,0.9888888888888889
ShapesAll,3,0.8816666666666667
ShapesAll,4,0.8883333333333333
ShapesAll,5,0.8966666666666666
ShapesAll,6,0.9
ShapesAll,7,0.9066666666666666
ShapesAll,8,0.9066666666666666
ShapesAll,9,0.9116666666666666
ShapesAll,10,0.91
ShapesAll,11,0.905
ShapesAll,12,0.9083333333333333
ShapesAll,13,0.9133333333333333
ShapesAll,14,0.915
ShapesAll,15,0.9083333333333333
SmallKitchenAppliances,3,0.8026666666666666
SmallKitchenAppliances,4,0.816
SmallKitchenAppliances,5,0.8053333333333333
SmallKitchenAppliances,6,0.8293333333333334
SmallKitchenAppliances,7,0.8266666666666667
SmallKitchenAppliances,8,0.8133333333333334
SmallKitchenAppliances,9,0.8213333333333334
SmallKitchenAppliances,10,0.8266666666666667
SmallKitchenAppliances,11,0.8213333333333334
SmallKitchenAppliances,12,0.8026666666666666
SmallKitchenAppliances,13,0.816
SmallKitchenAppliances,14,0.824
SmallKitchenAppliances,15,0.8133333333333334
SmoothSubspace,3,0.9866666666666667
SmoothSubspace,4,0.9933333333333333
SmoothSubspace,5,0.98
SmoothSubspace,6,0.9733333333333334
SmoothSubspace,7,0.9733333333333334
SmoothSubspace,8,0.9666666666666667
SmoothSubspace,9,0.9733333333333334
SmoothSubspace,10,0.9666666666666667
SmoothSubspace,11,0.9733333333333334
SmoothSubspace,12,0.9733333333333334
SmoothSubspace,13,0.9733333333333334
SmoothSubspace,14,0.9733333333333334
SmoothSubspace,15,0.9733333333333334
SonyAIBORobotSurface1,3,0.9034941763727121
SonyAIBORobotSurface1,4,0.9034941763727121
SonyAIBORobotSurface1,5,0.9101497504159733
SonyAIBORobotSurface1,6,0.9201331114808652
SonyAIBORobotSurface1,7,0.9201331114808652
SonyAIBORobotSurface1,8,0.9217970049916805
SonyAIBORobotSurface1,9,0.9234608985024958
SonyAIBORobotSurface1,10,0.9217970049916805
SonyAIBORobotSurface1,11,0.9217970049916805
SonyAIBORobotSurface1,12,0.9217970049916805
SonyAIBORobotSurface1,13,0.9201331114808652
SonyAIBORobotSurface1,14,0.9184692179700499
SonyAIBORobotSurface1,15,0.9201331114808652
SonyAIBORobotSurface2,3,0.944386149003148
SonyAIBORobotSurface2,4,0.9317943336831059
SonyAIBORobotSurface2,5,0.9213011542497377
SonyAIBORobotSurface2,6,0.9150052465897167
SonyAIBORobotSurface2,7,0.9213011542497377
SonyAIBORobotSurface2,8,0.9160545645330536
SonyAIBORobotSurface2,9,0.9233997901364114
SonyAIBORobotSurface2,10,0.9160545645330536
SonyAIBORobotSurface2,11,0.9233997901364114
SonyAIBORobotSurface2,12,0.9202518363064008
SonyAIBORobotSurface2,13,0.919202518363064
SonyAIBORobotSurface2,14,0.9171038824763903
SonyAIBORobotSurface2,15,0.9150052465897167
StarLightCurves,3,0.9787518212724624
StarLightCurves,4,0.9808159300631375
StarLightCurves,5,0.9808159300631375
StarLightCurves,6,0.9808159300631375
StarLightCurves,7,0.98069451189898
StarLightCurves,8,0.9809373482272948
StarLightCurves,9,0.9805730937348227
StarLightCurves,10,0.980330257406508
StarLightCurves,11,0.9808159300631375
StarLightCurves,12,0.9802088392423507
StarLightCurves,13,0.9815444390480816
StarLightCurves,14,0.9810587663914522
StarLightCurves,15,0.980330257406508
Strawberry,3,0.9756756756756757
Strawberry,4,0.9783783783783784
Strawberry,5,0.9783783783783784
Strawberry,6,0.9783783783783784
Strawberry,7,0.981081081081081
Strawberry,8,0.981081081081081
Strawberry,9,0.9864864864864865
Strawberry,10,0.981081081081081
Strawberry,11,0.981081081081081
Strawberry,12,0.981081081081081
Strawberry,13,0.981081081081081
Strawberry,14,0.981081081081081
Strawberry,15,0.981081081081081
SwedishLeaf,3,0.9568
SwedishLeaf,4,0.9648
SwedishLeaf,5,0.9632
SwedishLeaf,6,0.96
SwedishLeaf,7,0.9696
SwedishLeaf,8,0.9696
SwedishLeaf,9,0.968
SwedishLeaf,10,0.9648
SwedishLeaf,11,0.9616
SwedishLeaf,12,0.96
SwedishLeaf,13,0.9616
SwedishLeaf,14,0.96
SwedishLeaf,15,0.9648
Symbols,3,0.9738693467336683
Symbols,4,0.9708542713567839
Symbols,5,0.9708542713567839
Symbols,6,0.9718592964824121
Symbols,7,0.9728643216080402
Symbols,8,0.9728643216080402
Symbols,9,0.9728643216080402
Symbols,10,0.9748743718592965
Symbols,11,0.9768844221105528
Symbols,12,0.9738693467336683
Symbols,13,0.9758793969849247
Symbols,14,0.9768844221105528
Symbols,15,0.9778894472361809
SyntheticControl,3,1.0
SyntheticControl,4,1.0
SyntheticControl,5,1.0
SyntheticControl,6,0.9966666666666667
SyntheticControl,7,1.0
SyntheticControl,8,1.0
SyntheticControl,9,0.9966666666666667
SyntheticControl,10,1.0
SyntheticControl,11,0.9966666666666667
SyntheticControl,12,1.0
SyntheticControl,13,1.0
SyntheticControl,14,1.0
SyntheticControl,15,1.0
ToeSegmentation1,3,0.956140350877193
ToeSegmentation1,4,0.9473684210526315
ToeSegmentation1,5,0.956140350877193
ToeSegmentation1,6,0.9605263157894737
ToeSegmentation1,7,0.9517543859649122
ToeSegmentation1,8,0.9605263157894737
ToeSegmentation1,9,0.956140350877193
ToeSegmentation1,10,0.9517543859649122
ToeSegmentation1,11,0.9605263157894737
ToeSegmentation1,12,0.9605263157894737
ToeSegmentation1,13,0.9692982456140351
ToeSegmentation1,14,0.9649122807017544
ToeSegmentation1,15,0.9649122807017544
ToeSegmentation2,3,0.9230769230769231
ToeSegmentation2,4,0.9307692307692308
ToeSegmentation2,5,0.9307692307692308
ToeSegmentation2,6,0.9230769230769231
ToeSegmentation2,7,0.9307692307692308
ToeSegmentation2,8,0.9230769230769231
ToeSegmentation2,9,0.9307692307692308
ToeSegmentation2,10,0.9153846153846154
ToeSegmentation2,11,0.9076923076923077
ToeSegmentation2,12,0.9153846153846154
ToeSegmentation2,13,0.9230769230769231
ToeSegmentation2,14,0.9230769230769231
ToeSegmentation2,15,0.9230769230769231
Trace,3,1.0
Trace,4,1.0
Trace,5,1.0
Trace,6,1.0
Trace,7,1.0
Trace,8,1.0
Trace,9,1.0
Trace,10,1.0
Trace,11,1.0
Trace,12,1.0
Trace,13,1.0
Trace,14,1.0
Trace,15,1.0
TwoLeadECG,3,0.9991220368744512
TwoLeadECG,4,0.9991220368744512
TwoLeadECG,5,0.9991220368744512
TwoLeadECG,6,0.9991220368744512
TwoLeadECG,7,0.9991220368744512
TwoLeadECG,8,0.9991220368744512
TwoLeadECG,9,0.9991220368744512
TwoLeadECG,10,0.9991220368744512
TwoLeadECG,11,0.9991220368744512
TwoLeadECG,12,0.9991220368744512
TwoLeadECG,13,0.9991220368744512
TwoLeadECG,14,0.9991220368744512
TwoLeadECG,15,0.9991220368744512
TwoPatterns,3,0.99975
TwoPatterns,4,1.0
TwoPatterns,5,1.0
TwoPatterns,6,1.0
TwoPatterns,7,1.0
TwoPatterns,8,1.0
TwoPatterns,9,1.0
TwoPatterns,10,1.0
TwoPatterns,11,1.0
TwoPatterns,12,1.0
TwoPatterns,13,1.0
TwoPatterns,14,1.0
TwoPatterns,15,1.0
UMD,3,0.9930555555555556
UMD,4,0.9861111111111112
UMD,5,0.9861111111111112
UMD,6,0.9861111111111112
UMD,7,0.9861111111111112
UMD,8,0.9861111111111112
UMD,9,0.9861111111111112
UMD,10,0.9861111111111112
UMD,11,0.9861111111111112
UMD,12,0.9861111111111112
UMD,13,0.9861111111111112
UMD,14,0.9861111111111112
UMD,15,0.9930555555555556
UWaveGestureLibraryAll,3,0.9704075935231714
UWaveGestureLibraryAll,4,0.9715242881072027
UWaveGestureLibraryAll,5,0.9734785036292574
UWaveGestureLibraryAll,6,0.9743160245672808
UWaveGestureLibraryAll,7,0.9754327191513121
UWaveGestureLibraryAll,8,0.9748743718592965
UWaveGestureLibraryAll,9,0.9765494137353434
UWaveGestureLibraryAll,10,0.9759910664433278
UWaveGestureLibraryAll,11,0.9759910664433278
UWaveGestureLibraryAll,12,0.9748743718592965
UWaveGestureLibraryAll,13,0.977107761027359
UWaveGestureLibraryAll,14,0.9765494137353434
UWaveGestureLibraryAll,15,0.974036850921273
UWaveGestureLibraryX,3,0.8391959798994975
UWaveGestureLibraryX,4,0.8436627582356225
UWaveGestureLibraryX,5,0.850642099385818
UWaveGestureLibraryX,6,0.8495254048017867
UWaveGestureLibraryX,7,0.8495254048017867
UWaveGestureLibraryX,8,0.8565047459519821
UWaveGestureLibraryX,9,0.8548297040759353
UWaveGestureLibraryX,10,0.8565047459519821
UWaveGestureLibraryX,11,0.8553880513679508
UWaveGestureLibraryX,12,0.8523171412618649
UWaveGestureLibraryX,13,0.8598548297040759
UWaveGestureLibraryX,14,0.8565047459519821
UWaveGestureLibraryX,15,0.8565047459519821
UWaveGestureLibraryY,3,0.7640982691233947
UWaveGestureLibraryY,4,0.7654941373534339
UWaveGestureLibraryY,5,0.7738693467336684
UWaveGestureLibraryY,6,0.7783361250697934
UWaveGestureLibraryY,7,0.775823562255723
UWaveGestureLibraryY,8,0.7763819095477387
UWaveGestureLibraryY,9,0.7766610831937465
UWaveGestureLibraryY,10,0.7800111669458403
UWaveGestureLibraryY,11,0.7811278615298716
UWaveGestureLibraryY,12,0.77749860413177
UWaveGestureLibraryY,13,0.7747068676716918
UWaveGestureLibraryY,14,0.7811278615298716
UWaveGestureLibraryY,15,0.7777777777777778
UWaveGestureLibraryZ,3,0.7825237297599107
UWaveGestureLibraryZ,4,0.7903405918481295
UWaveGestureLibraryZ,5,0.7934115019542155
UWaveGestureLibraryZ,6,0.7928531546621999
UWaveGestureLibraryZ,7,0.7886655499720826
UWaveGestureLibraryZ,8,0.7978782802903406
UWaveGestureLibraryZ,9,0.8001116694584032
UWaveGestureLibraryZ,10,0.7936906756002233
UWaveGestureLibraryZ,11,0.7964824120603015
UWaveGestureLibraryZ,12,0.7920156337241765
UWaveGestureLibraryZ,13,0.7953657174762703
UWaveGestureLibraryZ,14,0.792573981016192
UWaveGestureLibraryZ,15,0.7945281965382468
Wafer,3,0.9991888384166125
Wafer,4,0.9990266060999351
Wafer,5,0.9982154445165476
Wafer,6,0.9983776768332252
Wafer,7,0.9982154445165476
Wafer,8,0.9982154445165476
Wafer,9,0.9985399091499026
Wafer,10,0.9982154445165476
Wafer,11,0.9975665152498377
Wafer,12,0.9983776768332252
Wafer,13,0.9977287475665152
Wafer,14,0.9977287475665152
Wafer,15,0.9977287475665152
Wine,3,0.7592592592592593
Wine,4,0.7407407407407407
Wine,5,0.7962962962962963
Wine,6,0.8333333333333334
Wine,7,0.8518518518518519
Wine,8,0.7592592592592593
Wine,9,0.7592592592592593
Wine,10,0.8518518518518519
Wine,11,0.8148148148148148
Wine,12,0.8518518518518519
Wine,13,0.8333333333333334
Wine,14,0.8703703703703703
Wine,15,0.8703703703703703
WordSynonyms,3,0.7100313479623824
WordSynonyms,4,0.7288401253918495
WordSynonyms,5,0.7460815047021944
WordSynonyms,6,0.7507836990595611
WordSynonyms,7,0.7476489028213166
WordSynonyms,8,0.7492163009404389
WordSynonyms,9,0.7460815047021944
WordSynonyms,10,0.7523510971786834
WordSynonyms,11,0.7460815047021944
WordSynonyms,12,0.7554858934169278
WordSynonyms,13,0.7539184952978056
WordSynonyms,14,0.7507836990595611
WordSynonyms,15,0.7586206896551724
Worms,3,0.7272727272727273
Worms,4,0.7142857142857143
Worms,5,0.7402597402597403
Worms,6,0.7272727272727273
Worms,7,0.7402597402597403
Worms,8,0.7402597402597403
Worms,9,0.7272727272727273
Worms,10,0.7272727272727273
Worms,11,0.7142857142857143
Worms,12,0.7142857142857143
Worms,13,0.7272727272727273
Worms,14,0.7142857142857143
Worms,15,0.7142857142857143
WormsTwoClass,3,0.7532467532467533
WormsTwoClass,4,0.8181818181818182
WormsTwoClass,5,0.8051948051948052
WormsTwoClass,6,0.7792207792207793
WormsTwoClass,7,0.7922077922077922
WormsTwoClass,8,0.7532467532467533
WormsTwoClass,9,0.8051948051948052
WormsTwoClass,10,0.7922077922077922
WormsTwoClass,11,0.8051948051948052
WormsTwoClass,12,0.8051948051948052
WormsTwoClass,13,0.8181818181818182
WormsTwoClass,14,0.7922077922077922
WormsTwoClass,15,0.8181818181818182
Yoga,3,0.8716666666666667
Yoga,4,0.9013333333333333
Yoga,5,0.898
Yoga,6,0.9076666666666666
Yoga,7,0.9053333333333333
Yoga,8,0.9113333333333333
Yoga,9,0.9126666666666666
Yoga,10,0.9096666666666666
Yoga,11,0.916
Yoga,12,0.9093333333333333
Yoga,13,0.9123333333333333
Yoga,14,0.912
Yoga,15,0.9103333333333333
