Dataset,kernel_length,Repeat,Accuracy
ACSF1,3,1,0.89
ACSF1,3,2,0.88
ACSF1,3,3,0.88
ACSF1,3,4,0.88
ACSF1,3,5,0.88
ACSF1,4,1,0.87
ACSF1,4,2,0.88
ACSF1,4,3,0.91
ACSF1,4,4,0.89
ACSF1,4,5,0.9
ACSF1,5,1,0.87
ACSF1,5,2,0.88
ACSF1,5,3,0.88
ACSF1,5,4,0.86
ACSF1,5,5,0.87
ACSF1,6,1,0.88
ACSF1,6,2,0.9
ACSF1,6,3,0.89
ACSF1,6,4,0.89
ACSF1,6,5,0.91
ACSF1,7,1,0.86
ACSF1,7,2,0.89
ACSF1,7,3,0.88
ACSF1,7,4,0.89
ACSF1,7,5,0.87
ACSF1,8,1,0.87
ACSF1,8,2,0.87
ACSF1,8,3,0.91
ACSF1,8,4,0.88
ACSF1,8,5,0.88
ACSF1,9,1,0.88
ACSF1,9,2,0.87
ACSF1,9,3,0.87
ACSF1,9,4,0.87
ACSF1,9,5,0.88
ACSF1,10,1,0.87
ACSF1,10,2,0.89
ACSF1,10,3,0.89
ACSF1,10,4,0.89
ACSF1,10,5,0.88
ACSF1,11,1,0.87
ACSF1,11,2,0.9
ACSF1,11,3,0.88
ACSF1,11,4,0.89
ACSF1,11,5,0.9
ACSF1,12,1,0.87
ACSF1,12,2,0.89
ACSF1,12,3,0.9
ACSF1,12,4,0.88
ACSF1,12,5,0.87
ACSF1,13,1,0.87
ACSF1,13,2,0.89
ACSF1,13,3,0.89
ACSF1,13,4,0.9
ACSF1,13,5,0.87
ACSF1,14,1,0.87
ACSF1,14,2,0.87
ACSF1,14,3,0.84
ACSF1,14,4,0.9
ACSF1,14,5,0.88
ACSF1,15,1,0.87
ACSF1,15,2,0.87
ACSF1,15,3,0.86
ACSF1,15,4,0.89
ACSF1,15,5,0.85
Adiac,3,1,0.7647058823529411
Adiac,3,2,0.7595907928388747
Adiac,3,3,0.7851662404092071
Adiac,3,4,0.7672634271099744
Adiac,3,5,0.7672634271099744
Adiac,4,1,0.7774936061381074
Adiac,4,2,0.7774936061381074
Adiac,4,3,0.782608695652174
Adiac,4,4,0.7800511508951407
Adiac,4,5,0.7723785166240409
Adiac,5,1,0.7928388746803069
Adiac,5,2,0.7953964194373402
Adiac,5,3,0.782608695652174
Adiac,5,4,0.7953964194373402
Adiac,5,5,0.7902813299232737
Adiac,6,1,0.7774936061381074
Adiac,6,2,0.7877237851662404
Adiac,6,3,0.7877237851662404
Adiac,6,4,0.7851662404092071
Adiac,6,5,0.7851662404092071
Adiac,7,1,0.7851662404092071
Adiac,7,2,0.7851662404092071
Adiac,7,3,0.782608695652174
Adiac,7,4,0.7928388746803069
Adiac,7,5,0.7800511508951407
Adiac,8,1,0.7851662404092071
Adiac,8,2,0.7800511508951407
Adiac,8,3,0.7774936061381074
Adiac,8,4,0.7851662404092071
Adiac,8,5,0.7851662404092071
Adiac,9,1,0.8005115089514067
Adiac,9,2,0.7953964194373402
Adiac,9,3,0.7877237851662404
Adiac,9,4,0.7774936061381074
Adiac,9,5,0.7851662404092071
Adiac,10,1,0.7953964194373402
Adiac,10,2,0.7928388746803069
Adiac,10,3,0.782608695652174
Adiac,10,4,0.7851662404092071
Adiac,10,5,0.7851662404092071
Adiac,11,1,0.7979539641943734
Adiac,11,2,0.7902813299232737
Adiac,11,3,0.782608695652174
Adiac,11,4,0.7902813299232737
Adiac,11,5,0.782608695652174
Adiac,12,1,0.7749360613810742
Adiac,12,2,0.7800511508951407
Adiac,12,3,0.7877237851662404
Adiac,12,4,0.7877237851662404
Adiac,12,5,0.782608695652174
Adiac,13,1,0.7877237851662404
Adiac,13,2,0.7877237851662404
Adiac,13,3,0.7851662404092071
Adiac,13,4,0.7672634271099744
Adiac,13,5,0.782608695652174
Adiac,14,1,0.7800511508951407
Adiac,14,2,0.7851662404092071
Adiac,14,3,0.7774936061381074
Adiac,14,4,0.7723785166240409
Adiac,14,5,0.7723785166240409
Adiac,15,1,0.7928388746803069
Adiac,15,2,0.7877237851662404
Adiac,15,3,0.7953964194373402
Adiac,15,4,0.7851662404092071
Adiac,15,5,0.7774936061381074
ArrowHead,3,1,0.7942857142857143
ArrowHead,3,2,0.7942857142857143
ArrowHead,3,3,0.8057142857142857
ArrowHead,3,4,0.8057142857142857
ArrowHead,3,5,0.7885714285714286
ArrowHead,4,1,0.7942857142857143
ArrowHead,4,2,0.7942857142857143
ArrowHead,4,3,0.7942857142857143
ArrowHead,4,4,0.7885714285714286
ArrowHead,4,5,0.7828571428571428
ArrowHead,5,1,0.8
ArrowHead,5,2,0.8
ArrowHead,5,3,0.8057142857142857
ArrowHead,5,4,0.7942857142857143
ArrowHead,5,5,0.8057142857142857
ArrowHead,6,1,0.7885714285714286
ArrowHead,6,2,0.7885714285714286
ArrowHead,6,3,0.8057142857142857
ArrowHead,6,4,0.7828571428571428
ArrowHead,6,5,0.7828571428571428
ArrowHead,7,1,0.8
ArrowHead,7,2,0.8
ArrowHead,7,3,0.8
ArrowHead,7,4,0.8057142857142857
ArrowHead,7,5,0.8057142857142857
ArrowHead,8,1,0.7942857142857143
ArrowHead,8,2,0.7942857142857143
ArrowHead,8,3,0.7942857142857143
ArrowHead,8,4,0.8114285714285714
ArrowHead,8,5,0.7942857142857143
ArrowHead,9,1,0.8057142857142857
ArrowHead,9,2,0.8228571428571428
ArrowHead,9,3,0.8228571428571428
ArrowHead,9,4,0.8114285714285714
ArrowHead,9,5,0.8171428571428572
ArrowHead,10,1,0.8114285714285714
ArrowHead,10,2,0.8114285714285714
ArrowHead,10,3,0.8
ArrowHead,10,4,0.8114285714285714
ArrowHead,10,5,0.8114285714285714
ArrowHead,11,1,0.8228571428571428
ArrowHead,11,2,0.8114285714285714
ArrowHead,11,3,0.8114285714285714
ArrowHead,11,4,0.8171428571428572
ArrowHead,11,5,0.8228571428571428
ArrowHead,12,1,0.8285714285714286
ArrowHead,12,2,0.8114285714285714
ArrowHead,12,3,0.7885714285714286
ArrowHead,12,4,0.8171428571428572
ArrowHead,12,5,0.8285714285714286
ArrowHead,13,1,0.8171428571428572
ArrowHead,13,2,0.8114285714285714
ArrowHead,13,3,0.8228571428571428
ArrowHead,13,4,0.8171428571428572
ArrowHead,13,5,0.8285714285714286
ArrowHead,14,1,0.8114285714285714
ArrowHead,14,2,0.8285714285714286
ArrowHead,14,3,0.8171428571428572
ArrowHead,14,4,0.8228571428571428
ArrowHead,14,5,0.8
ArrowHead,15,1,0.8342857142857143
ArrowHead,15,2,0.7942857142857143
ArrowHead,15,3,0.8171428571428572
ArrowHead,15,4,0.8171428571428572
ArrowHead,15,5,0.8114285714285714
BME,3,1,1.0
BME,3,2,1.0
BME,3,3,1.0
BME,3,4,1.0
BME,3,5,1.0
BME,4,1,1.0
BME,4,2,1.0
BME,4,3,1.0
BME,4,4,1.0
BME,4,5,1.0
BME,5,1,1.0
BME,5,2,1.0
BME,5,3,1.0
BME,5,4,1.0
BME,5,5,1.0
BME,6,1,1.0
BME,6,2,1.0
BME,6,3,1.0
BME,6,4,1.0
BME,6,5,1.0
BME,7,1,1.0
BME,7,2,1.0
BME,7,3,1.0
BME,7,4,1.0
BME,7,5,1.0
BME,8,1,1.0
BME,8,2,1.0
BME,8,3,1.0
BME,8,4,1.0
BME,8,5,1.0
BME,9,1,1.0
BME,9,2,1.0
BME,9,3,1.0
BME,9,4,1.0
BME,9,5,1.0
BME,10,1,1.0
BME,10,2,1.0
BME,10,3,1.0
BME,10,4,1.0
BME,10,5,1.0
BME,11,1,1.0
BME,11,2,1.0
BME,11,3,1.0
BME,11,4,1.0
BME,11,5,1.0
BME,12,1,1.0
BME,12,2,1.0
BME,12,3,1.0
BME,12,4,1.0
BME,12,5,1.0
BME,13,1,1.0
BME,13,2,1.0
BME,13,3,1.0
BME,13,4,1.0
BME,13,5,1.0
BME,14,1,1.0
BME,14,2,1.0
BME,14,3,1.0
BME,14,4,1.0
BME,14,5,1.0
BME,15,1,1.0
BME,15,2,1.0
BME,15,3,1.0
BME,15,4,1.0
BME,15,5,1.0
Beef,3,1,0.7666666666666667
Beef,3,2,0.7666666666666667
Beef,3,3,0.7666666666666667
Beef,3,4,0.7666666666666667
Beef,3,5,0.7666666666666667
Beef,4,1,0.7333333333333333
Beef,4,2,0.7333333333333333
Beef,4,3,0.7666666666666667
Beef,4,4,0.7333333333333333
Beef,4,5,0.7333333333333333
Beef,5,1,0.7666666666666667
Beef,5,2,0.7666666666666667
Beef,5,3,0.7333333333333333
Beef,5,4,0.7333333333333333
Beef,5,5,0.7666666666666667
Beef,6,1,0.8
Beef,6,2,0.7666666666666667
Beef,6,3,0.8
Beef,6,4,0.8
Beef,6,5,0.8
Beef,7,1,0.8
Beef,7,2,0.8
Beef,7,3,0.8
Beef,7,4,0.8
Beef,7,5,0.8
Beef,8,1,0.8
Beef,8,2,0.8
Beef,8,3,0.8
Beef,8,4,0.8333333333333334
Beef,8,5,0.8
Beef,9,1,0.8333333333333334
Beef,9,2,0.8333333333333334
Beef,9,3,0.8
Beef,9,4,0.8
Beef,9,5,0.8
Beef,10,1,0.8333333333333334
Beef,10,2,0.8333333333333334
Beef,10,3,0.8333333333333334
Beef,10,4,0.8
Beef,10,5,0.8
Beef,11,1,0.8333333333333334
Beef,11,2,0.8333333333333334
Beef,11,3,0.8333333333333334
Beef,11,4,0.8666666666666667
Beef,11,5,0.8333333333333334
Beef,12,1,0.8333333333333334
Beef,12,2,0.8333333333333334
Beef,12,3,0.8333333333333334
Beef,12,4,0.8666666666666667
Beef,12,5,0.8333333333333334
Beef,13,1,0.8333333333333334
Beef,13,2,0.8666666666666667
Beef,13,3,0.8333333333333334
Beef,13,4,0.8333333333333334
Beef,13,5,0.8333333333333334
Beef,14,1,0.8666666666666667
Beef,14,2,0.8333333333333334
Beef,14,3,0.8666666666666667
Beef,14,4,0.8333333333333334
Beef,14,5,0.8666666666666667
Beef,15,1,0.8666666666666667
Beef,15,2,0.8333333333333334
Beef,15,3,0.8666666666666667
Beef,15,4,0.8666666666666667
Beef,15,5,0.8666666666666667
BeetleFly,3,1,0.85
BeetleFly,3,2,0.8
BeetleFly,3,3,0.8
BeetleFly,3,4,0.85
BeetleFly,3,5,0.85
BeetleFly,4,1,0.9
BeetleFly,4,2,0.9
BeetleFly,4,3,0.9
BeetleFly,4,4,0.9
BeetleFly,4,5,0.9
BeetleFly,5,1,0.9
BeetleFly,5,2,0.9
BeetleFly,5,3,0.9
BeetleFly,5,4,0.9
BeetleFly,5,5,0.9
BeetleFly,6,1,0.9
BeetleFly,6,2,0.9
BeetleFly,6,3,0.9
BeetleFly,6,4,0.9
BeetleFly,6,5,0.9
BeetleFly,7,1,0.9
BeetleFly,7,2,0.9
BeetleFly,7,3,0.9
BeetleFly,7,4,0.9
BeetleFly,7,5,0.9
BeetleFly,8,1,0.9
BeetleFly,8,2,0.9
BeetleFly,8,3,0.9
BeetleFly,8,4,0.9
BeetleFly,8,5,0.9
BeetleFly,9,1,0.9
BeetleFly,9,2,0.9
BeetleFly,9,3,0.9
BeetleFly,9,4,0.9
BeetleFly,9,5,0.9
BeetleFly,10,1,0.9
BeetleFly,10,2,0.9
BeetleFly,10,3,0.9
BeetleFly,10,4,0.9
BeetleFly,10,5,0.9
BeetleFly,11,1,0.9
BeetleFly,11,2,0.9
BeetleFly,11,3,0.9
BeetleFly,11,4,0.9
BeetleFly,11,5,0.9
BeetleFly,12,1,0.9
BeetleFly,12,2,0.9
BeetleFly,12,3,0.9
BeetleFly,12,4,0.9
BeetleFly,12,5,0.9
BeetleFly,13,1,0.9
BeetleFly,13,2,0.9
BeetleFly,13,3,0.9
BeetleFly,13,4,0.9
BeetleFly,13,5,0.9
BeetleFly,14,1,0.85
BeetleFly,14,2,0.9
BeetleFly,14,3,0.9
BeetleFly,14,4,0.9
BeetleFly,14,5,0.9
BeetleFly,15,1,0.9
BeetleFly,15,2,0.85
BeetleFly,15,3,0.9
BeetleFly,15,4,0.9
BeetleFly,15,5,0.9
BirdChicken,3,1,0.8
BirdChicken,3,2,0.8
BirdChicken,3,3,0.8
BirdChicken,3,4,0.8
BirdChicken,3,5,0.8
BirdChicken,4,1,0.9
BirdChicken,4,2,0.8
BirdChicken,4,3,0.8
BirdChicken,4,4,0.8
BirdChicken,4,5,0.8
BirdChicken,5,1,0.9
BirdChicken,5,2,0.8
BirdChicken,5,3,0.9
BirdChicken,5,4,0.85
BirdChicken,5,5,0.9
BirdChicken,6,1,0.9
BirdChicken,6,2,0.9
BirdChicken,6,3,0.9
BirdChicken,6,4,0.9
BirdChicken,6,5,0.9
BirdChicken,7,1,0.9
BirdChicken,7,2,0.9
BirdChicken,7,3,0.9
BirdChicken,7,4,0.9
BirdChicken,7,5,0.9
BirdChicken,8,1,0.9
BirdChicken,8,2,0.9
BirdChicken,8,3,0.9
BirdChicken,8,4,0.9
BirdChicken,8,5,0.9
BirdChicken,9,1,0.9
BirdChicken,9,2,0.9
BirdChicken,9,3,0.9
BirdChicken,9,4,0.9
BirdChicken,9,5,0.9
BirdChicken,10,1,0.9
BirdChicken,10,2,0.9
BirdChicken,10,3,0.9
BirdChicken,10,4,0.9
BirdChicken,10,5,0.9
BirdChicken,11,1,0.9
BirdChicken,11,2,0.9
BirdChicken,11,3,0.9
BirdChicken,11,4,0.9
BirdChicken,11,5,0.9
BirdChicken,12,1,0.9
BirdChicken,12,2,0.9
BirdChicken,12,3,0.9
BirdChicken,12,4,0.9
BirdChicken,12,5,0.9
BirdChicken,13,1,0.9
BirdChicken,13,2,0.9
BirdChicken,13,3,0.9
BirdChicken,13,4,0.9
BirdChicken,13,5,0.9
BirdChicken,14,1,0.9
BirdChicken,14,2,0.9
BirdChicken,14,3,0.9
BirdChicken,14,4,0.9
BirdChicken,14,5,0.9
BirdChicken,15,1,0.9
BirdChicken,15,2,0.9
BirdChicken,15,3,0.9
BirdChicken,15,4,0.9
BirdChicken,15,5,0.85
CBF,3,1,1.0
CBF,3,2,1.0
CBF,3,3,1.0
CBF,3,4,1.0
CBF,3,5,1.0
CBF,4,1,1.0
CBF,4,2,1.0
CBF,4,3,1.0
CBF,4,4,1.0
CBF,4,5,1.0
CBF,5,1,1.0
CBF,5,2,1.0
CBF,5,3,1.0
CBF,5,4,1.0
CBF,5,5,1.0
CBF,6,1,1.0
CBF,6,2,1.0
CBF,6,3,1.0
CBF,6,4,1.0
CBF,6,5,1.0
CBF,7,1,1.0
CBF,7,2,1.0
CBF,7,3,1.0
CBF,7,4,1.0
CBF,7,5,1.0
CBF,8,1,1.0
CBF,8,2,1.0
CBF,8,3,1.0
CBF,8,4,1.0
CBF,8,5,1.0
CBF,9,1,1.0
CBF,9,2,1.0
CBF,9,3,0.9988888888888889
CBF,9,4,0.9988888888888889
CBF,9,5,1.0
CBF,10,1,0.9988888888888889
CBF,10,2,0.9988888888888889
CBF,10,3,0.9988888888888889
CBF,10,4,0.9988888888888889
CBF,10,5,0.9988888888888889
CBF,11,1,0.9988888888888889
CBF,11,2,0.9988888888888889
CBF,11,3,0.9988888888888889
CBF,11,4,1.0
CBF,11,5,0.9988888888888889
CBF,12,1,0.9988888888888889
CBF,12,2,0.9988888888888889
CBF,12,3,0.9988888888888889
CBF,12,4,1.0
CBF,12,5,1.0
CBF,13,1,0.9988888888888889
CBF,13,2,0.9988888888888889
CBF,13,3,0.9988888888888889
CBF,13,4,0.9988888888888889
CBF,13,5,0.9988888888888889
CBF,14,1,1.0
CBF,14,2,0.9988888888888889
CBF,14,3,0.9988888888888889
CBF,14,4,1.0
CBF,14,5,1.0
CBF,15,1,0.9988888888888889
CBF,15,2,0.9977777777777778
CBF,15,3,0.9988888888888889
CBF,15,4,1.0
CBF,15,5,0.9988888888888889
Car,3,1,0.9
Car,3,2,0.8833333333333333
Car,3,3,0.9166666666666666
Car,3,4,0.9
Car,3,5,0.8833333333333333
Car,4,1,0.9
Car,4,2,0.9166666666666666
Car,4,3,0.9166666666666666
Car,4,4,0.9166666666666666
Car,4,5,0.9
Car,5,1,0.9
Car,5,2,0.8833333333333333
Car,5,3,0.9166666666666666
Car,5,4,0.9333333333333333
Car,5,5,0.9
Car,6,1,0.9
Car,6,2,0.9166666666666666
Car,6,3,0.9333333333333333
Car,6,4,0.9166666666666666
Car,6,5,0.9
Car,7,1,0.9166666666666666
Car,7,2,0.9166666666666666
Car,7,3,0.9166666666666666
Car,7,4,0.9
Car,7,5,0.9166666666666666
Car,8,1,0.9166666666666666
Car,8,2,0.8833333333333333
Car,8,3,0.9
Car,8,4,0.9166666666666666
Car,8,5,0.9333333333333333
Car,9,1,0.9
Car,9,2,0.9
Car,9,3,0.8833333333333333
Car,9,4,0.9
Car,9,5,0.9
Car,10,1,0.9
Car,10,2,0.8833333333333333
Car,10,3,0.9
Car,10,4,0.9
Car,10,5,0.9
Car,11,1,0.8833333333333333
Car,11,2,0.9
Car,11,3,0.8833333333333333
Car,11,4,0.9
Car,11,5,0.9
Car,12,1,0.9
Car,12,2,0.8833333333333333
Car,12,3,0.9
Car,12,4,0.9
Car,12,5,0.8833333333333333
Car,13,1,0.8833333333333333
Car,13,2,0.8833333333333333
Car,13,3,0.8833333333333333
Car,13,4,0.8833333333333333
Car,13,5,0.8833333333333333
Car,14,1,0.9
Car,14,2,0.8833333333333333
Car,14,3,0.8833333333333333
Car,14,4,0.8833333333333333
Car,14,5,0.9
Car,15,1,0.9
Car,15,2,0.8833333333333333
Car,15,3,0.9
Car,15,4,0.9166666666666666
Car,15,5,0.9
Chinatown,3,1,0.9708454810495627
Chinatown,3,2,0.9708454810495627
Chinatown,3,3,0.9708454810495627
Chinatown,3,4,0.9708454810495627
Chinatown,3,5,0.967930029154519
Chinatown,4,1,0.9795918367346939
Chinatown,4,2,0.9795918367346939
Chinatown,4,3,0.9795918367346939
Chinatown,4,4,0.9795918367346939
Chinatown,4,5,0.9795918367346939
Chinatown,5,1,0.9737609329446064
Chinatown,5,2,0.9737609329446064
Chinatown,5,3,0.9737609329446064
Chinatown,5,4,0.9766763848396501
Chinatown,5,5,0.9737609329446064
Chinatown,6,1,0.9795918367346939
Chinatown,6,2,0.9795918367346939
Chinatown,6,3,0.9825072886297376
Chinatown,6,4,0.9795918367346939
Chinatown,6,5,0.9825072886297376
Chinatown,7,1,0.9825072886297376
Chinatown,7,2,0.9825072886297376
Chinatown,7,3,0.9825072886297376
Chinatown,7,4,0.9795918367346939
Chinatown,7,5,0.9795918367346939
Chinatown,8,1,0.9825072886297376
Chinatown,8,2,0.9795918367346939
Chinatown,8,3,0.9825072886297376
Chinatown,8,4,0.9795918367346939
Chinatown,8,5,0.9795918367346939
Chinatown,9,1,0.9825072886297376
Chinatown,9,2,0.9825072886297376
Chinatown,9,3,0.9825072886297376
Chinatown,9,4,0.9825072886297376
Chinatown,9,5,0.9795918367346939
Chinatown,10,1,0.9854227405247813
Chinatown,10,2,0.9825072886297376
Chinatown,10,3,0.9854227405247813
Chinatown,10,4,0.9854227405247813
Chinatown,10,5,0.9825072886297376
Chinatown,11,1,0.9854227405247813
Chinatown,11,2,0.9854227405247813
Chinatown,11,3,0.9854227405247813
Chinatown,11,4,0.9825072886297376
Chinatown,11,5,0.9854227405247813
Chinatown,12,1,0.9825072886297376
Chinatown,12,2,0.9825072886297376
Chinatown,12,3,0.9854227405247813
Chinatown,12,4,0.9825072886297376
Chinatown,12,5,0.9854227405247813
Chinatown,13,1,0.9825072886297376
Chinatown,13,2,0.9825072886297376
Chinatown,13,3,0.9854227405247813
Chinatown,13,4,0.9854227405247813
Chinatown,13,5,0.9854227405247813
Chinatown,14,1,0.9854227405247813
Chinatown,14,2,0.9854227405247813
Chinatown,14,3,0.9854227405247813
Chinatown,14,4,0.9854227405247813
Chinatown,14,5,0.9854227405247813
Chinatown,15,1,0.9854227405247813
Chinatown,15,2,0.9854227405247813
Chinatown,15,3,0.9854227405247813
Chinatown,15,4,0.9825072886297376
Chinatown,15,5,0.9854227405247813
ChlorineConcentration,3,1,0.7690104166666667
ChlorineConcentration,3,2,0.7684895833333333
ChlorineConcentration,3,3,0.7739583333333333
ChlorineConcentration,3,4,0.7799479166666666
ChlorineConcentration,3,5,0.7734375
ChlorineConcentration,4,1,0.8028645833333333
ChlorineConcentration,4,2,0.8057291666666667
ChlorineConcentration,4,3,0.79375
ChlorineConcentration,4,4,0.8052083333333333
ChlorineConcentration,4,5,0.8015625
ChlorineConcentration,5,1,0.8145833333333333
ChlorineConcentration,5,2,0.8041666666666667
ChlorineConcentration,5,3,0.8026041666666667
ChlorineConcentration,5,4,0.8140625
ChlorineConcentration,5,5,0.8119791666666667
ChlorineConcentration,6,1,0.7994791666666666
ChlorineConcentration,6,2,0.8122395833333333
ChlorineConcentration,6,3,0.7325520833333333
ChlorineConcentration,6,4,0.728125
ChlorineConcentration,6,5,0.7364583333333333
ChlorineConcentration,7,1,0.815625
ChlorineConcentration,7,2,0.8166666666666667
ChlorineConcentration,7,3,0.8153645833333333
ChlorineConcentration,7,4,0.80703125
ChlorineConcentration,7,5,0.81171875
ChlorineConcentration,8,1,0.8158854166666667
ChlorineConcentration,8,2,0.7979166666666667
ChlorineConcentration,8,3,0.8096354166666667
ChlorineConcentration,8,4,0.81015625
ChlorineConcentration,8,5,0.8166666666666667
ChlorineConcentration,9,1,0.80625
ChlorineConcentration,9,2,0.80703125
ChlorineConcentration,9,3,0.81171875
ChlorineConcentration,9,4,0.8145833333333333
ChlorineConcentration,9,5,0.8135416666666667
ChlorineConcentration,10,1,0.8091145833333333
ChlorineConcentration,10,2,0.8091145833333333
ChlorineConcentration,10,3,0.8083333333333333
ChlorineConcentration,10,4,0.81796875
ChlorineConcentration,10,5,0.80703125
ChlorineConcentration,11,1,0.7940104166666667
ChlorineConcentration,11,2,0.8106770833333333
ChlorineConcentration,11,3,0.8151041666666666
ChlorineConcentration,11,4,0.81171875
ChlorineConcentration,11,5,0.81875
ChlorineConcentration,12,1,0.8177083333333334
ChlorineConcentration,12,2,0.8229166666666666
ChlorineConcentration,12,3,0.8221354166666667
ChlorineConcentration,12,4,0.8197916666666667
ChlorineConcentration,12,5,0.81328125
ChlorineConcentration,13,1,0.80234375
ChlorineConcentration,13,2,0.821875
ChlorineConcentration,13,3,0.8140625
ChlorineConcentration,13,4,0.8135416666666667
ChlorineConcentration,13,5,0.8140625
ChlorineConcentration,14,1,0.8177083333333334
ChlorineConcentration,14,2,0.8114583333333333
ChlorineConcentration,14,3,0.8145833333333333
ChlorineConcentration,14,4,0.81796875
ChlorineConcentration,14,5,0.8177083333333334
ChlorineConcentration,15,1,0.8184895833333333
ChlorineConcentration,15,2,0.8122395833333333
ChlorineConcentration,15,3,0.8169270833333333
ChlorineConcentration,15,4,0.8088541666666667
ChlorineConcentration,15,5,0.8119791666666667
CinCECGTorso,3,1,0.8536231884057971
CinCECGTorso,3,2,0.855072463768116
CinCECGTorso,3,3,0.8543478260869565
CinCECGTorso,3,4,0.8586956521739131
CinCECGTorso,3,5,0.855072463768116
CinCECGTorso,4,1,0.8376811594202899
CinCECGTorso,4,2,0.8521739130434782
CinCECGTorso,4,3,0.8543478260869565
CinCECGTorso,4,4,0.8507246376811595
CinCECGTorso,4,5,0.8579710144927536
CinCECGTorso,5,1,0.8543478260869565
CinCECGTorso,5,2,0.8434782608695652
CinCECGTorso,5,3,0.8463768115942029
CinCECGTorso,5,4,0.8514492753623188
CinCECGTorso,5,5,0.8536231884057971
CinCECGTorso,6,1,0.8420289855072464
CinCECGTorso,6,2,0.8398550724637681
CinCECGTorso,6,3,0.8369565217391305
CinCECGTorso,6,4,0.8420289855072464
CinCECGTorso,6,5,0.836231884057971
CinCECGTorso,7,1,0.8434782608695652
CinCECGTorso,7,2,0.8427536231884057
CinCECGTorso,7,3,0.8471014492753624
CinCECGTorso,7,4,0.8398550724637681
CinCECGTorso,7,5,0.8485507246376811
CinCECGTorso,8,1,0.8398550724637681
CinCECGTorso,8,2,0.8282608695652174
CinCECGTorso,8,3,0.8369565217391305
CinCECGTorso,8,4,0.8253623188405798
CinCECGTorso,8,5,0.8304347826086956
CinCECGTorso,9,1,0.8318840579710145
CinCECGTorso,9,2,0.8333333333333334
CinCECGTorso,9,3,0.8391304347826087
CinCECGTorso,9,4,0.8398550724637681
CinCECGTorso,9,5,0.836231884057971
CinCECGTorso,10,1,0.8384057971014492
CinCECGTorso,10,2,0.8355072463768116
CinCECGTorso,10,3,0.8347826086956521
CinCECGTorso,10,4,0.8297101449275363
CinCECGTorso,10,5,0.8181159420289855
CinCECGTorso,11,1,0.8289855072463768
CinCECGTorso,11,2,0.822463768115942
CinCECGTorso,11,3,0.8217391304347826
CinCECGTorso,11,4,0.822463768115942
CinCECGTorso,11,5,0.8144927536231884
CinCECGTorso,12,1,0.8217391304347826
CinCECGTorso,12,2,0.8231884057971014
CinCECGTorso,12,3,0.8181159420289855
CinCECGTorso,12,4,0.8260869565217391
CinCECGTorso,12,5,0.8268115942028985
CinCECGTorso,13,1,0.822463768115942
CinCECGTorso,13,2,0.8297101449275363
CinCECGTorso,13,3,0.8289855072463768
CinCECGTorso,13,4,0.8181159420289855
CinCECGTorso,13,5,0.827536231884058
CinCECGTorso,14,1,0.8246376811594203
CinCECGTorso,14,2,0.8181159420289855
CinCECGTorso,14,3,0.8318840579710145
CinCECGTorso,14,4,0.8253623188405798
CinCECGTorso,14,5,0.8347826086956521
CinCECGTorso,15,1,0.8297101449275363
CinCECGTorso,15,2,0.8297101449275363
CinCECGTorso,15,3,0.8318840579710145
CinCECGTorso,15,4,0.8304347826086956
CinCECGTorso,15,5,0.8318840579710145
Coffee,3,1,1.0
Coffee,3,2,1.0
Coffee,3,3,1.0
Coffee,3,4,1.0
Coffee,3,5,1.0
Coffee,4,1,1.0
Coffee,4,2,1.0
Coffee,4,3,1.0
Coffee,4,4,1.0
Coffee,4,5,1.0
Coffee,5,1,1.0
Coffee,5,2,1.0
Coffee,5,3,1.0
Coffee,5,4,1.0
Coffee,5,5,1.0
Coffee,6,1,1.0
Coffee,6,2,1.0
Coffee,6,3,1.0
Coffee,6,4,1.0
Coffee,6,5,1.0
Coffee,7,1,1.0
Coffee,7,2,1.0
Coffee,7,3,1.0
Coffee,7,4,1.0
Coffee,7,5,1.0
Coffee,8,1,1.0
Coffee,8,2,1.0
Coffee,8,3,1.0
Coffee,8,4,1.0
Coffee,8,5,1.0
Coffee,9,1,1.0
Coffee,9,2,1.0
Coffee,9,3,1.0
Coffee,9,4,1.0
Coffee,9,5,1.0
Coffee,10,1,1.0
Coffee,10,2,1.0
Coffee,10,3,1.0
Coffee,10,4,1.0
Coffee,10,5,1.0
Coffee,11,1,1.0
Coffee,11,2,1.0
Coffee,11,3,1.0
Coffee,11,4,1.0
Coffee,11,5,1.0
Coffee,12,1,1.0
Coffee,12,2,1.0
Coffee,12,3,1.0
Coffee,12,4,1.0
Coffee,12,5,1.0
Coffee,13,1,1.0
Coffee,13,2,1.0
Coffee,13,3,1.0
Coffee,13,4,1.0
Coffee,13,5,1.0
Coffee,14,1,1.0
Coffee,14,2,1.0
Coffee,14,3,1.0
Coffee,14,4,1.0
Coffee,14,5,1.0
Coffee,15,1,1.0
Coffee,15,2,1.0
Coffee,15,3,1.0
Coffee,15,4,1.0
Coffee,15,5,1.0
Computers,3,1,0.792
Computers,3,2,0.784
Computers,3,3,0.784
Computers,3,4,0.78
Computers,3,5,0.788
Computers,4,1,0.8
Computers,4,2,0.804
Computers,4,3,0.804
Computers,4,4,0.804
Computers,4,5,0.788
Computers,5,1,0.78
Computers,5,2,0.788
Computers,5,3,0.792
Computers,5,4,0.78
Computers,5,5,0.78
Computers,6,1,0.796
Computers,6,2,0.792
Computers,6,3,0.784
Computers,6,4,0.796
Computers,6,5,0.792
Computers,7,1,0.78
Computers,7,2,0.784
Computers,7,3,0.788
Computers,7,4,0.78
Computers,7,5,0.784
Computers,8,1,0.768
Computers,8,2,0.772
Computers,8,3,0.764
Computers,8,4,0.76
Computers,8,5,0.776
Computers,9,1,0.772
Computers,9,2,0.76
Computers,9,3,0.756
Computers,9,4,0.764
Computers,9,5,0.756
Computers,10,1,0.768
Computers,10,2,0.76
Computers,10,3,0.768
Computers,10,4,0.772
Computers,10,5,0.764
Computers,11,1,0.752
Computers,11,2,0.768
Computers,11,3,0.756
Computers,11,4,0.756
Computers,11,5,0.764
Computers,12,1,0.756
Computers,12,2,0.764
Computers,12,3,0.748
Computers,12,4,0.76
Computers,12,5,0.748
Computers,13,1,0.736
Computers,13,2,0.748
Computers,13,3,0.744
Computers,13,4,0.756
Computers,13,5,0.752
Computers,14,1,0.728
Computers,14,2,0.744
Computers,14,3,0.752
Computers,14,4,0.74
Computers,14,5,0.744
Computers,15,1,0.728
Computers,15,2,0.732
Computers,15,3,0.732
Computers,15,4,0.74
Computers,15,5,0.732
CricketX,3,1,0.7897435897435897
CricketX,3,2,0.7948717948717948
CricketX,3,3,0.782051282051282
CricketX,3,4,0.7948717948717948
CricketX,3,5,0.7846153846153846
CricketX,4,1,0.8
CricketX,4,2,0.7974358974358975
CricketX,4,3,0.8
CricketX,4,4,0.8
CricketX,4,5,0.8
CricketX,5,1,0.8051282051282052
CricketX,5,2,0.8128205128205128
CricketX,5,3,0.8179487179487179
CricketX,5,4,0.8282051282051283
CricketX,5,5,0.8128205128205128
CricketX,6,1,0.8153846153846154
CricketX,6,2,0.8179487179487179
CricketX,6,3,0.8179487179487179
CricketX,6,4,0.8205128205128205
CricketX,6,5,0.8102564102564103
CricketX,7,1,0.8205128205128205
CricketX,7,2,0.8128205128205128
CricketX,7,3,0.8205128205128205
CricketX,7,4,0.8102564102564103
CricketX,7,5,0.8205128205128205
CricketX,8,1,0.8205128205128205
CricketX,8,2,0.8153846153846154
CricketX,8,3,0.8179487179487179
CricketX,8,4,0.823076923076923
CricketX,8,5,0.8153846153846154
CricketX,9,1,0.8179487179487179
CricketX,9,2,0.8179487179487179
CricketX,9,3,0.8205128205128205
CricketX,9,4,0.8205128205128205
CricketX,9,5,0.8128205128205128
CricketX,10,1,0.8102564102564103
CricketX,10,2,0.8256410256410256
CricketX,10,3,0.8282051282051283
CricketX,10,4,0.8128205128205128
CricketX,10,5,0.8307692307692308
CricketX,11,1,0.8153846153846154
CricketX,11,2,0.8307692307692308
CricketX,11,3,0.823076923076923
CricketX,11,4,0.8282051282051283
CricketX,11,5,0.8179487179487179
CricketX,12,1,0.8282051282051283
CricketX,12,2,0.8076923076923077
CricketX,12,3,0.8179487179487179
CricketX,12,4,0.8205128205128205
CricketX,12,5,0.8179487179487179
CricketX,13,1,0.8128205128205128
CricketX,13,2,0.8179487179487179
CricketX,13,3,0.8205128205128205
CricketX,13,4,0.823076923076923
CricketX,13,5,0.8102564102564103
CricketX,14,1,0.8179487179487179
CricketX,14,2,0.823076923076923
CricketX,14,3,0.8256410256410256
CricketX,14,4,0.8205128205128205
CricketX,14,5,0.823076923076923
CricketX,15,1,0.8153846153846154
CricketX,15,2,0.8179487179487179
CricketX,15,3,0.823076923076923
CricketX,15,4,0.8128205128205128
CricketX,15,5,0.8179487179487179
CricketY,3,1,0.8153846153846154
CricketY,3,2,0.823076923076923
CricketY,3,3,0.823076923076923
CricketY,3,4,0.8282051282051283
CricketY,3,5,0.8205128205128205
CricketY,4,1,0.8333333333333334
CricketY,4,2,0.8256410256410256
CricketY,4,3,0.8307692307692308
CricketY,4,4,0.841025641025641
CricketY,4,5,0.841025641025641
CricketY,5,1,0.8512820512820513
CricketY,5,2,0.8512820512820513
CricketY,5,3,0.8512820512820513
CricketY,5,4,0.8512820512820513
CricketY,5,5,0.8512820512820513
CricketY,6,1,0.8564102564102564
CricketY,6,2,0.8538461538461538
CricketY,6,3,0.8512820512820513
CricketY,6,4,0.8512820512820513
CricketY,6,5,0.8512820512820513
CricketY,7,1,0.8461538461538461
CricketY,7,2,0.8487179487179487
CricketY,7,3,0.8538461538461538
CricketY,7,4,0.8461538461538461
CricketY,7,5,0.8512820512820513
CricketY,8,1,0.8461538461538461
CricketY,8,2,0.8589743589743589
CricketY,8,3,0.8487179487179487
CricketY,8,4,0.8487179487179487
CricketY,8,5,0.8538461538461538
CricketY,9,1,0.8435897435897436
CricketY,9,2,0.8512820512820513
CricketY,9,3,0.8333333333333334
CricketY,9,4,0.8538461538461538
CricketY,9,5,0.8512820512820513
CricketY,10,1,0.8512820512820513
CricketY,10,2,0.8589743589743589
CricketY,10,3,0.841025641025641
CricketY,10,4,0.8589743589743589
CricketY,10,5,0.8538461538461538
CricketY,11,1,0.8512820512820513
CricketY,11,2,0.8487179487179487
CricketY,11,3,0.8538461538461538
CricketY,11,4,0.8641025641025641
CricketY,11,5,0.8487179487179487
CricketY,12,1,0.8435897435897436
CricketY,12,2,0.8538461538461538
CricketY,12,3,0.8538461538461538
CricketY,12,4,0.841025641025641
CricketY,12,5,0.8538461538461538
CricketY,13,1,0.8384615384615385
CricketY,13,2,0.8487179487179487
CricketY,13,3,0.841025641025641
CricketY,13,4,0.8487179487179487
CricketY,13,5,0.841025641025641
CricketY,14,1,0.8538461538461538
CricketY,14,2,0.8435897435897436
CricketY,14,3,0.8384615384615385
CricketY,14,4,0.8487179487179487
CricketY,14,5,0.8589743589743589
CricketY,15,1,0.8461538461538461
CricketY,15,2,0.8538461538461538
CricketY,15,3,0.8435897435897436
CricketY,15,4,0.8461538461538461
CricketY,15,5,0.8358974358974359
CricketZ,3,1,0.8487179487179487
CricketZ,3,2,0.8333333333333334
CricketZ,3,3,0.841025641025641
CricketZ,3,4,0.8512820512820513
CricketZ,3,5,0.8435897435897436
CricketZ,4,1,0.8564102564102564
CricketZ,4,2,0.8538461538461538
CricketZ,4,3,0.8512820512820513
CricketZ,4,4,0.8487179487179487
CricketZ,4,5,0.8487179487179487
CricketZ,5,1,0.8538461538461538
CricketZ,5,2,0.8589743589743589
CricketZ,5,3,0.841025641025641
CricketZ,5,4,0.8538461538461538
CricketZ,5,5,0.8564102564102564
CricketZ,6,1,0.8615384615384616
CricketZ,6,2,0.8589743589743589
CricketZ,6,3,0.8538461538461538
CricketZ,6,4,0.8461538461538461
CricketZ,6,5,0.8641025641025641
CricketZ,7,1,0.8512820512820513
CricketZ,7,2,0.8461538461538461
CricketZ,7,3,0.841025641025641
CricketZ,7,4,0.8538461538461538
CricketZ,7,5,0.8512820512820513
CricketZ,8,1,0.8589743589743589
CricketZ,8,2,0.8641025641025641
CricketZ,8,3,0.8487179487179487
CricketZ,8,4,0.8538461538461538
CricketZ,8,5,0.8538461538461538
CricketZ,9,1,0.8615384615384616
CricketZ,9,2,0.8615384615384616
CricketZ,9,3,0.8615384615384616
CricketZ,9,4,0.8589743589743589
CricketZ,9,5,0.8717948717948718
CricketZ,10,1,0.8512820512820513
CricketZ,10,2,0.8589743589743589
CricketZ,10,3,0.8487179487179487
CricketZ,10,4,0.8564102564102564
CricketZ,10,5,0.8589743589743589
CricketZ,11,1,0.8538461538461538
CricketZ,11,2,0.8615384615384616
CricketZ,11,3,0.8564102564102564
CricketZ,11,4,0.8615384615384616
CricketZ,11,5,0.8589743589743589
CricketZ,12,1,0.8512820512820513
CricketZ,12,2,0.8692307692307693
CricketZ,12,3,0.8589743589743589
CricketZ,12,4,0.8487179487179487
CricketZ,12,5,0.8487179487179487
CricketZ,13,1,0.8692307692307693
CricketZ,13,2,0.8461538461538461
CricketZ,13,3,0.8589743589743589
CricketZ,13,4,0.8461538461538461
CricketZ,13,5,0.8435897435897436
CricketZ,14,1,0.8564102564102564
CricketZ,14,2,0.8589743589743589
CricketZ,14,3,0.8564102564102564
CricketZ,14,4,0.8461538461538461
CricketZ,14,5,0.8461538461538461
CricketZ,15,1,0.8487179487179487
CricketZ,15,2,0.8589743589743589
CricketZ,15,3,0.8487179487179487
CricketZ,15,4,0.8512820512820513
CricketZ,15,5,0.8487179487179487
Crop,3,1,0.7453571428571428
Crop,3,2,0.7454761904761905
Crop,3,3,0.7459523809523809
Crop,3,4,0.7448809523809524
Crop,3,5,0.7458333333333333
Crop,4,1,0.76375
Crop,4,2,0.7622023809523809
Crop,4,3,0.7627380952380952
Crop,4,4,0.7611309523809524
Crop,4,5,0.7617857142857143
Crop,5,1,0.7658928571428572
Crop,5,2,0.7679761904761905
Crop,5,3,0.7705357142857143
Crop,5,4,0.7682142857142857
Crop,5,5,0.7688690476190476
Crop,6,1,0.7732142857142857
Crop,6,2,0.7717857142857143
Crop,6,3,0.773452380952381
Crop,6,4,0.7729761904761905
Crop,6,5,0.7711904761904762
Crop,7,1,0.775952380952381
Crop,7,2,0.7745833333333333
Crop,7,3,0.7750595238095238
Crop,7,4,0.7718452380952381
Crop,7,5,0.7744047619047619
Crop,8,1,0.7758928571428572
Crop,8,2,0.7722023809523809
Crop,8,3,0.7775
Crop,8,4,0.7780357142857143
Crop,8,5,0.7757142857142857
Crop,9,1,0.7792261904761905
Crop,9,2,0.7790476190476191
Crop,9,3,0.7786309523809524
Crop,9,4,0.7767261904761905
Crop,9,5,0.7761309523809524
Crop,10,1,0.7792857142857142
Crop,10,2,0.7818452380952381
Crop,10,3,0.7794642857142857
Crop,10,4,0.7775595238095238
Crop,10,5,0.7800595238095238
Crop,11,1,0.7822619047619047
Crop,11,2,0.7797619047619048
Crop,11,3,0.78125
Crop,11,4,0.7804761904761904
Crop,11,5,0.7796428571428572
Crop,12,1,0.7831547619047619
Crop,12,2,0.7789285714285714
Crop,12,3,0.7802380952380953
Crop,12,4,0.7810714285714285
Crop,12,5,0.7813095238095238
Crop,13,1,0.7804166666666666
Crop,13,2,0.7813095238095238
Crop,13,3,0.7813095238095238
Crop,13,4,0.7804761904761904
Crop,13,5,0.7835714285714286
Crop,14,1,0.7829166666666667
Crop,14,2,0.7819642857142857
Crop,14,3,0.781547619047619
Crop,14,4,0.7830357142857143
Crop,14,5,0.7813095238095238
Crop,15,1,0.7822023809523809
Crop,15,2,0.7806547619047619
Crop,15,3,0.7811904761904762
Crop,15,4,0.7810119047619047
Crop,15,5,0.7819642857142857
DiatomSizeReduction,3,1,0.9640522875816994
DiatomSizeReduction,3,2,0.9607843137254902
DiatomSizeReduction,3,3,0.9640522875816994
DiatomSizeReduction,3,4,0.9705882352941176
DiatomSizeReduction,3,5,0.9640522875816994
DiatomSizeReduction,4,1,0.9673202614379085
DiatomSizeReduction,4,2,0.9607843137254902
DiatomSizeReduction,4,3,0.9575163398692811
DiatomSizeReduction,4,4,0.9640522875816994
DiatomSizeReduction,4,5,0.9607843137254902
DiatomSizeReduction,5,1,0.9640522875816994
DiatomSizeReduction,5,2,0.9705882352941176
DiatomSizeReduction,5,3,0.9673202614379085
DiatomSizeReduction,5,4,0.9640522875816994
DiatomSizeReduction,5,5,0.9640522875816994
DiatomSizeReduction,6,1,0.9575163398692811
DiatomSizeReduction,6,2,0.9738562091503268
DiatomSizeReduction,6,3,0.9673202614379085
DiatomSizeReduction,6,4,0.9673202614379085
DiatomSizeReduction,6,5,0.9607843137254902
DiatomSizeReduction,7,1,0.9673202614379085
DiatomSizeReduction,7,2,0.9738562091503268
DiatomSizeReduction,7,3,0.9640522875816994
DiatomSizeReduction,7,4,0.9771241830065359
DiatomSizeReduction,7,5,0.9640522875816994
DiatomSizeReduction,8,1,0.9640522875816994
DiatomSizeReduction,8,2,0.9705882352941176
DiatomSizeReduction,8,3,0.9771241830065359
DiatomSizeReduction,8,4,0.9771241830065359
DiatomSizeReduction,8,5,0.9771241830065359
DiatomSizeReduction,9,1,0.9771241830065359
DiatomSizeReduction,9,2,0.9607843137254902
DiatomSizeReduction,9,3,0.9640522875816994
DiatomSizeReduction,9,4,0.9705882352941176
DiatomSizeReduction,9,5,0.9771241830065359
DiatomSizeReduction,10,1,0.9771241830065359
DiatomSizeReduction,10,2,0.9771241830065359
DiatomSizeReduction,10,3,0.9771241830065359
DiatomSizeReduction,10,4,0.9771241830065359
DiatomSizeReduction,10,5,0.9738562091503268
DiatomSizeReduction,11,1,0.9771241830065359
DiatomSizeReduction,11,2,0.9771241830065359
DiatomSizeReduction,11,3,0.9738562091503268
DiatomSizeReduction,11,4,0.9705882352941176
DiatomSizeReduction,11,5,0.9771241830065359
DiatomSizeReduction,12,1,0.9738562091503268
DiatomSizeReduction,12,2,0.9705882352941176
DiatomSizeReduction,12,3,0.9673202614379085
DiatomSizeReduction,12,4,0.9771241830065359
DiatomSizeReduction,12,5,0.9771241830065359
DiatomSizeReduction,13,1,0.9607843137254902
DiatomSizeReduction,13,2,0.9771241830065359
DiatomSizeReduction,13,3,0.9705882352941176
DiatomSizeReduction,13,4,0.9771241830065359
DiatomSizeReduction,13,5,0.9673202614379085
DiatomSizeReduction,14,1,0.9771241830065359
DiatomSizeReduction,14,2,0.9803921568627451
DiatomSizeReduction,14,3,0.9771241830065359
DiatomSizeReduction,14,4,0.9738562091503268
DiatomSizeReduction,14,5,0.9705882352941176
DiatomSizeReduction,15,1,0.9771241830065359
DiatomSizeReduction,15,2,0.9673202614379085
DiatomSizeReduction,15,3,0.9673202614379085
DiatomSizeReduction,15,4,0.9771241830065359
DiatomSizeReduction,15,5,0.9771241830065359
DistalPhalanxOutlineAgeGroup,3,1,0.7266187050359713
DistalPhalanxOutlineAgeGroup,3,2,0.7050359712230215
DistalPhalanxOutlineAgeGroup,3,3,0.7410071942446043
DistalPhalanxOutlineAgeGroup,3,4,0.7482014388489209
DistalPhalanxOutlineAgeGroup,3,5,0.7338129496402878
DistalPhalanxOutlineAgeGroup,4,1,0.7194244604316546
DistalPhalanxOutlineAgeGroup,4,2,0.7194244604316546
DistalPhalanxOutlineAgeGroup,4,3,0.7338129496402878
DistalPhalanxOutlineAgeGroup,4,4,0.697841726618705
DistalPhalanxOutlineAgeGroup,4,5,0.7122302158273381
DistalPhalanxOutlineAgeGroup,5,1,0.7338129496402878
DistalPhalanxOutlineAgeGroup,5,2,0.7482014388489209
DistalPhalanxOutlineAgeGroup,5,3,0.7122302158273381
DistalPhalanxOutlineAgeGroup,5,4,0.7122302158273381
DistalPhalanxOutlineAgeGroup,5,5,0.7122302158273381
DistalPhalanxOutlineAgeGroup,6,1,0.7338129496402878
DistalPhalanxOutlineAgeGroup,6,2,0.7410071942446043
DistalPhalanxOutlineAgeGroup,6,3,0.7410071942446043
DistalPhalanxOutlineAgeGroup,6,4,0.7194244604316546
DistalPhalanxOutlineAgeGroup,6,5,0.7266187050359713
DistalPhalanxOutlineAgeGroup,7,1,0.7482014388489209
DistalPhalanxOutlineAgeGroup,7,2,0.7410071942446043
DistalPhalanxOutlineAgeGroup,7,3,0.7482014388489209
DistalPhalanxOutlineAgeGroup,7,4,0.7338129496402878
DistalPhalanxOutlineAgeGroup,7,5,0.7338129496402878
DistalPhalanxOutlineAgeGroup,8,1,0.762589928057554
DistalPhalanxOutlineAgeGroup,8,2,0.7482014388489209
DistalPhalanxOutlineAgeGroup,8,3,0.7410071942446043
DistalPhalanxOutlineAgeGroup,8,4,0.762589928057554
DistalPhalanxOutlineAgeGroup,8,5,0.7553956834532374
DistalPhalanxOutlineAgeGroup,9,1,0.7410071942446043
DistalPhalanxOutlineAgeGroup,9,2,0.762589928057554
DistalPhalanxOutlineAgeGroup,9,3,0.7482014388489209
DistalPhalanxOutlineAgeGroup,9,4,0.7410071942446043
DistalPhalanxOutlineAgeGroup,9,5,0.7338129496402878
DistalPhalanxOutlineAgeGroup,10,1,0.7194244604316546
DistalPhalanxOutlineAgeGroup,10,2,0.7482014388489209
DistalPhalanxOutlineAgeGroup,10,3,0.7410071942446043
DistalPhalanxOutlineAgeGroup,10,4,0.7266187050359713
DistalPhalanxOutlineAgeGroup,10,5,0.7482014388489209
DistalPhalanxOutlineAgeGroup,11,1,0.7482014388489209
DistalPhalanxOutlineAgeGroup,11,2,0.7266187050359713
DistalPhalanxOutlineAgeGroup,11,3,0.7553956834532374
DistalPhalanxOutlineAgeGroup,11,4,0.7482014388489209
DistalPhalanxOutlineAgeGroup,11,5,0.7338129496402878
DistalPhalanxOutlineAgeGroup,12,1,0.7410071942446043
DistalPhalanxOutlineAgeGroup,12,2,0.7410071942446043
DistalPhalanxOutlineAgeGroup,12,3,0.7482014388489209
DistalPhalanxOutlineAgeGroup,12,4,0.7338129496402878
DistalPhalanxOutlineAgeGroup,12,5,0.7338129496402878
DistalPhalanxOutlineAgeGroup,13,1,0.7338129496402878
DistalPhalanxOutlineAgeGroup,13,2,0.7482014388489209
DistalPhalanxOutlineAgeGroup,13,3,0.7553956834532374
DistalPhalanxOutlineAgeGroup,13,4,0.7194244604316546
DistalPhalanxOutlineAgeGroup,13,5,0.7338129496402878
DistalPhalanxOutlineAgeGroup,14,1,0.7410071942446043
DistalPhalanxOutlineAgeGroup,14,2,0.7410071942446043
DistalPhalanxOutlineAgeGroup,14,3,0.7410071942446043
DistalPhalanxOutlineAgeGroup,14,4,0.7482014388489209
DistalPhalanxOutlineAgeGroup,14,5,0.7338129496402878
DistalPhalanxOutlineAgeGroup,15,1,0.7553956834532374
DistalPhalanxOutlineAgeGroup,15,2,0.7410071942446043
DistalPhalanxOutlineAgeGroup,15,3,0.7482014388489209
DistalPhalanxOutlineAgeGroup,15,4,0.7553956834532374
DistalPhalanxOutlineAgeGroup,15,5,0.7482014388489209
DistalPhalanxOutlineCorrect,3,1,0.7644927536231884
DistalPhalanxOutlineCorrect,3,2,0.7789855072463768
DistalPhalanxOutlineCorrect,3,3,0.7681159420289855
DistalPhalanxOutlineCorrect,3,4,0.7644927536231884
DistalPhalanxOutlineCorrect,3,5,0.75
DistalPhalanxOutlineCorrect,4,1,0.7681159420289855
DistalPhalanxOutlineCorrect,4,2,0.7753623188405797
DistalPhalanxOutlineCorrect,4,3,0.7717391304347826
DistalPhalanxOutlineCorrect,4,4,0.7644927536231884
DistalPhalanxOutlineCorrect,4,5,0.7681159420289855
DistalPhalanxOutlineCorrect,5,1,0.7681159420289855
DistalPhalanxOutlineCorrect,5,2,0.7681159420289855
DistalPhalanxOutlineCorrect,5,3,0.7644927536231884
DistalPhalanxOutlineCorrect,5,4,0.7717391304347826
DistalPhalanxOutlineCorrect,5,5,0.782608695652174
DistalPhalanxOutlineCorrect,6,1,0.7608695652173914
DistalPhalanxOutlineCorrect,6,2,0.7753623188405797
DistalPhalanxOutlineCorrect,6,3,0.7608695652173914
DistalPhalanxOutlineCorrect,6,4,0.7608695652173914
DistalPhalanxOutlineCorrect,6,5,0.7644927536231884
DistalPhalanxOutlineCorrect,7,1,0.7681159420289855
DistalPhalanxOutlineCorrect,7,2,0.7391304347826086
DistalPhalanxOutlineCorrect,7,3,0.7717391304347826
DistalPhalanxOutlineCorrect,7,4,0.7789855072463768
DistalPhalanxOutlineCorrect,7,5,0.7717391304347826
DistalPhalanxOutlineCorrect,8,1,0.7681159420289855
DistalPhalanxOutlineCorrect,8,2,0.7789855072463768
DistalPhalanxOutlineCorrect,8,3,0.7608695652173914
DistalPhalanxOutlineCorrect,8,4,0.7608695652173914
DistalPhalanxOutlineCorrect,8,5,0.7644927536231884
DistalPhalanxOutlineCorrect,9,1,0.7572463768115942
DistalPhalanxOutlineCorrect,9,2,0.7644927536231884
DistalPhalanxOutlineCorrect,9,3,0.7572463768115942
DistalPhalanxOutlineCorrect,9,4,0.7681159420289855
DistalPhalanxOutlineCorrect,9,5,0.7536231884057971
DistalPhalanxOutlineCorrect,10,1,0.7717391304347826
DistalPhalanxOutlineCorrect,10,2,0.7644927536231884
DistalPhalanxOutlineCorrect,10,3,0.7753623188405797
DistalPhalanxOutlineCorrect,10,4,0.7681159420289855
DistalPhalanxOutlineCorrect,10,5,0.7753623188405797
DistalPhalanxOutlineCorrect,11,1,0.7644927536231884
DistalPhalanxOutlineCorrect,11,2,0.7608695652173914
DistalPhalanxOutlineCorrect,11,3,0.7681159420289855
DistalPhalanxOutlineCorrect,11,4,0.7789855072463768
DistalPhalanxOutlineCorrect,11,5,0.7608695652173914
DistalPhalanxOutlineCorrect,12,1,0.7608695652173914
DistalPhalanxOutlineCorrect,12,2,0.7681159420289855
DistalPhalanxOutlineCorrect,12,3,0.7644927536231884
DistalPhalanxOutlineCorrect,12,4,0.782608695652174
DistalPhalanxOutlineCorrect,12,5,0.7717391304347826
DistalPhalanxOutlineCorrect,13,1,0.7572463768115942
DistalPhalanxOutlineCorrect,13,2,0.7608695652173914
DistalPhalanxOutlineCorrect,13,3,0.7862318840579711
DistalPhalanxOutlineCorrect,13,4,0.7608695652173914
DistalPhalanxOutlineCorrect,13,5,0.7644927536231884
DistalPhalanxOutlineCorrect,14,1,0.7789855072463768
DistalPhalanxOutlineCorrect,14,2,0.7536231884057971
DistalPhalanxOutlineCorrect,14,3,0.7681159420289855
DistalPhalanxOutlineCorrect,14,4,0.7536231884057971
DistalPhalanxOutlineCorrect,14,5,0.7572463768115942
DistalPhalanxOutlineCorrect,15,1,0.7789855072463768
DistalPhalanxOutlineCorrect,15,2,0.7536231884057971
DistalPhalanxOutlineCorrect,15,3,0.7681159420289855
DistalPhalanxOutlineCorrect,15,4,0.7644927536231884
DistalPhalanxOutlineCorrect,15,5,0.7644927536231884
DistalPhalanxTW,3,1,0.6834532374100719
DistalPhalanxTW,3,2,0.6834532374100719
DistalPhalanxTW,3,3,0.6906474820143885
DistalPhalanxTW,3,4,0.697841726618705
DistalPhalanxTW,3,5,0.6834532374100719
DistalPhalanxTW,4,1,0.6906474820143885
DistalPhalanxTW,4,2,0.697841726618705
DistalPhalanxTW,4,3,0.6834532374100719
DistalPhalanxTW,4,4,0.697841726618705
DistalPhalanxTW,4,5,0.697841726618705
DistalPhalanxTW,5,1,0.6834532374100719
DistalPhalanxTW,5,2,0.6762589928057554
DistalPhalanxTW,5,3,0.697841726618705
DistalPhalanxTW,5,4,0.7122302158273381
DistalPhalanxTW,5,5,0.697841726618705
DistalPhalanxTW,6,1,0.6762589928057554
DistalPhalanxTW,6,2,0.7050359712230215
DistalPhalanxTW,6,3,0.7050359712230215
DistalPhalanxTW,6,4,0.7194244604316546
DistalPhalanxTW,6,5,0.7050359712230215
DistalPhalanxTW,7,1,0.6834532374100719
DistalPhalanxTW,7,2,0.6834532374100719
DistalPhalanxTW,7,3,0.6690647482014388
DistalPhalanxTW,7,4,0.7122302158273381
DistalPhalanxTW,7,5,0.6762589928057554
DistalPhalanxTW,8,1,0.7194244604316546
DistalPhalanxTW,8,2,0.6762589928057554
DistalPhalanxTW,8,3,0.697841726618705
DistalPhalanxTW,8,4,0.6834532374100719
DistalPhalanxTW,8,5,0.697841726618705
DistalPhalanxTW,9,1,0.7050359712230215
DistalPhalanxTW,9,2,0.697841726618705
DistalPhalanxTW,9,3,0.6690647482014388
DistalPhalanxTW,9,4,0.6906474820143885
DistalPhalanxTW,9,5,0.697841726618705
DistalPhalanxTW,10,1,0.697841726618705
DistalPhalanxTW,10,2,0.7194244604316546
DistalPhalanxTW,10,3,0.6834532374100719
DistalPhalanxTW,10,4,0.6690647482014388
DistalPhalanxTW,10,5,0.697841726618705
DistalPhalanxTW,11,1,0.6906474820143885
DistalPhalanxTW,11,2,0.6906474820143885
DistalPhalanxTW,11,3,0.697841726618705
DistalPhalanxTW,11,4,0.697841726618705
DistalPhalanxTW,11,5,0.697841726618705
DistalPhalanxTW,12,1,0.7050359712230215
DistalPhalanxTW,12,2,0.7194244604316546
DistalPhalanxTW,12,3,0.6906474820143885
DistalPhalanxTW,12,4,0.6834532374100719
DistalPhalanxTW,12,5,0.7050359712230215
DistalPhalanxTW,13,1,0.6906474820143885
DistalPhalanxTW,13,2,0.6906474820143885
DistalPhalanxTW,13,3,0.697841726618705
DistalPhalanxTW,13,4,0.7050359712230215
DistalPhalanxTW,13,5,0.6906474820143885
DistalPhalanxTW,14,1,0.6834532374100719
DistalPhalanxTW,14,2,0.6906474820143885
DistalPhalanxTW,14,3,0.6906474820143885
DistalPhalanxTW,14,4,0.6834532374100719
DistalPhalanxTW,14,5,0.6906474820143885
DistalPhalanxTW,15,1,0.7050359712230215
DistalPhalanxTW,15,2,0.697841726618705
DistalPhalanxTW,15,3,0.6906474820143885
DistalPhalanxTW,15,4,0.697841726618705
DistalPhalanxTW,15,5,0.7050359712230215
ECG200,3,1,0.91
ECG200,3,2,0.91
ECG200,3,3,0.91
ECG200,3,4,0.9
ECG200,3,5,0.91
ECG200,4,1,0.91
ECG200,4,2,0.91
ECG200,4,3,0.91
ECG200,4,4,0.91
ECG200,4,5,0.91
ECG200,5,1,0.91
ECG200,5,2,0.91
ECG200,5,3,0.91
ECG200,5,4,0.91
ECG200,5,5,0.91
ECG200,6,1,0.92
ECG200,6,2,0.91
ECG200,6,3,0.91
ECG200,6,4,0.91
ECG200,6,5,0.9
ECG200,7,1,0.91
ECG200,7,2,0.91
ECG200,7,3,0.91
ECG200,7,4,0.91
ECG200,7,5,0.91
ECG200,8,1,0.91
ECG200,8,2,0.9
ECG200,8,3,0.92
ECG200,8,4,0.91
ECG200,8,5,0.92
ECG200,9,1,0.92
ECG200,9,2,0.92
ECG200,9,3,0.91
ECG200,9,4,0.91
ECG200,9,5,0.91
ECG200,10,1,0.92
ECG200,10,2,0.92
ECG200,10,3,0.92
ECG200,10,4,0.92
ECG200,10,5,0.92
ECG200,11,1,0.92
ECG200,11,2,0.92
ECG200,11,3,0.92
ECG200,11,4,0.92
ECG200,11,5,0.92
ECG200,12,1,0.92
ECG200,12,2,0.92
ECG200,12,3,0.92
ECG200,12,4,0.92
ECG200,12,5,0.92
ECG200,13,1,0.92
ECG200,13,2,0.92
ECG200,13,3,0.92
ECG200,13,4,0.92
ECG200,13,5,0.92
ECG200,14,1,0.92
ECG200,14,2,0.91
ECG200,14,3,0.92
ECG200,14,4,0.91
ECG200,14,5,0.92
ECG200,15,1,0.92
ECG200,15,2,0.91
ECG200,15,3,0.91
ECG200,15,4,0.91
ECG200,15,5,0.91
ECG5000,3,1,0.946
ECG5000,3,2,0.9448888888888889
ECG5000,3,3,0.9453333333333334
ECG5000,3,4,0.9453333333333334
ECG5000,3,5,0.9455555555555556
ECG5000,4,1,0.9451111111111111
ECG5000,4,2,0.946
ECG5000,4,3,0.9462222222222222
ECG5000,4,4,0.9451111111111111
ECG5000,4,5,0.9455555555555556
ECG5000,5,1,0.9477777777777778
ECG5000,5,2,0.9464444444444444
ECG5000,5,3,0.9466666666666667
ECG5000,5,4,0.9466666666666667
ECG5000,5,5,0.9466666666666667
ECG5000,6,1,0.9466666666666667
ECG5000,6,2,0.9471111111111111
ECG5000,6,3,0.9466666666666667
ECG5000,6,4,0.9466666666666667
ECG5000,6,5,0.9462222222222222
ECG5000,7,1,0.9475555555555556
ECG5000,7,2,0.948
ECG5000,7,3,0.9471111111111111
ECG5000,7,4,0.9473333333333334
ECG5000,7,5,0.9482222222222222
ECG5000,8,1,0.9473333333333334
ECG5000,8,2,0.9473333333333334
ECG5000,8,3,0.948
ECG5000,8,4,0.9477777777777778
ECG5000,8,5,0.9468888888888889
ECG5000,9,1,0.9475555555555556
ECG5000,9,2,0.948
ECG5000,9,3,0.9468888888888889
ECG5000,9,4,0.9477777777777778
ECG5000,9,5,0.9477777777777778
ECG5000,10,1,0.9477777777777778
ECG5000,10,2,0.9468888888888889
ECG5000,10,3,0.9462222222222222
ECG5000,10,4,0.948
ECG5000,10,5,0.9486666666666667
ECG5000,11,1,0.9475555555555556
ECG5000,11,2,0.9477777777777778
ECG5000,11,3,0.9477777777777778
ECG5000,11,4,0.9475555555555556
ECG5000,11,5,0.9477777777777778
ECG5000,12,1,0.9477777777777778
ECG5000,12,2,0.948
ECG5000,12,3,0.9477777777777778
ECG5000,12,4,0.9468888888888889
ECG5000,12,5,0.9468888888888889
ECG5000,13,1,0.9475555555555556
ECG5000,13,2,0.948
ECG5000,13,3,0.9488888888888889
ECG5000,13,4,0.9484444444444444
ECG5000,13,5,0.9486666666666667
ECG5000,14,1,0.9482222222222222
ECG5000,14,2,0.9484444444444444
ECG5000,14,3,0.948
ECG5000,14,4,0.9488888888888889
ECG5000,14,5,0.948
ECG5000,15,1,0.9466666666666667
ECG5000,15,2,0.9466666666666667
ECG5000,15,3,0.9473333333333334
ECG5000,15,4,0.95
ECG5000,15,5,0.9475555555555556
ECGFiveDays,3,1,1.0
ECGFiveDays,3,2,1.0
ECGFiveDays,3,3,1.0
ECGFiveDays,3,4,1.0
ECGFiveDays,3,5,1.0
ECGFiveDays,4,1,1.0
ECGFiveDays,4,2,1.0
ECGFiveDays,4,3,1.0
ECGFiveDays,4,4,1.0
ECGFiveDays,4,5,1.0
ECGFiveDays,5,1,1.0
ECGFiveDays,5,2,1.0
ECGFiveDays,5,3,1.0
ECGFiveDays,5,4,1.0
ECGFiveDays,5,5,1.0
ECGFiveDays,6,1,1.0
ECGFiveDays,6,2,1.0
ECGFiveDays,6,3,1.0
ECGFiveDays,6,4,1.0
ECGFiveDays,6,5,1.0
ECGFiveDays,7,1,1.0
ECGFiveDays,7,2,1.0
ECGFiveDays,7,3,1.0
ECGFiveDays,7,4,1.0
ECGFiveDays,7,5,1.0
ECGFiveDays,8,1,1.0
ECGFiveDays,8,2,1.0
ECGFiveDays,8,3,1.0
ECGFiveDays,8,4,1.0
ECGFiveDays,8,5,1.0
ECGFiveDays,9,1,1.0
ECGFiveDays,9,2,1.0
ECGFiveDays,9,3,1.0
ECGFiveDays,9,4,1.0
ECGFiveDays,9,5,1.0
ECGFiveDays,10,1,1.0
ECGFiveDays,10,2,1.0
ECGFiveDays,10,3,1.0
ECGFiveDays,10,4,1.0
ECGFiveDays,10,5,1.0
ECGFiveDays,11,1,1.0
ECGFiveDays,11,2,1.0
ECGFiveDays,11,3,1.0
ECGFiveDays,11,4,1.0
ECGFiveDays,11,5,1.0
ECGFiveDays,12,1,1.0
ECGFiveDays,12,2,1.0
ECGFiveDays,12,3,1.0
ECGFiveDays,12,4,1.0
ECGFiveDays,12,5,1.0
ECGFiveDays,13,1,1.0
ECGFiveDays,13,2,1.0
ECGFiveDays,13,3,1.0
ECGFiveDays,13,4,1.0
ECGFiveDays,13,5,1.0
ECGFiveDays,14,1,1.0
ECGFiveDays,14,2,1.0
ECGFiveDays,14,3,1.0
ECGFiveDays,14,4,1.0
ECGFiveDays,14,5,1.0
ECGFiveDays,15,1,1.0
ECGFiveDays,15,2,1.0
ECGFiveDays,15,3,1.0
ECGFiveDays,15,4,1.0
ECGFiveDays,15,5,1.0
EOGHorizontalSignal,3,1,0.5883977900552486
EOGHorizontalSignal,3,2,0.569060773480663
EOGHorizontalSignal,3,3,0.5828729281767956
EOGHorizontalSignal,3,4,0.5773480662983426
EOGHorizontalSignal,3,5,0.5828729281767956
EOGHorizontalSignal,4,1,0.5883977900552486
EOGHorizontalSignal,4,2,0.6022099447513812
EOGHorizontalSignal,4,3,0.5939226519337016
EOGHorizontalSignal,4,4,0.585635359116022
EOGHorizontalSignal,4,5,0.5966850828729282
EOGHorizontalSignal,5,1,0.5939226519337016
EOGHorizontalSignal,5,2,0.56353591160221
EOGHorizontalSignal,5,3,0.6049723756906077
EOGHorizontalSignal,5,4,0.6049723756906077
EOGHorizontalSignal,5,5,0.5994475138121547
EOGHorizontalSignal,6,1,0.5828729281767956
EOGHorizontalSignal,6,2,0.5966850828729282
EOGHorizontalSignal,6,3,0.574585635359116
EOGHorizontalSignal,6,4,0.5939226519337016
EOGHorizontalSignal,6,5,0.5939226519337016
EOGHorizontalSignal,7,1,0.5773480662983426
EOGHorizontalSignal,7,2,0.5828729281767956
EOGHorizontalSignal,7,3,0.5828729281767956
EOGHorizontalSignal,7,4,0.56353591160221
EOGHorizontalSignal,7,5,0.5828729281767956
EOGHorizontalSignal,8,1,0.585635359116022
EOGHorizontalSignal,8,2,0.5828729281767956
EOGHorizontalSignal,8,3,0.580110497237569
EOGHorizontalSignal,8,4,0.5883977900552486
EOGHorizontalSignal,8,5,0.5994475138121547
EOGHorizontalSignal,9,1,0.5911602209944752
EOGHorizontalSignal,9,2,0.5718232044198895
EOGHorizontalSignal,9,3,0.585635359116022
EOGHorizontalSignal,9,4,0.5828729281767956
EOGHorizontalSignal,9,5,0.5718232044198895
EOGHorizontalSignal,10,1,0.574585635359116
EOGHorizontalSignal,10,2,0.574585635359116
EOGHorizontalSignal,10,3,0.574585635359116
EOGHorizontalSignal,10,4,0.569060773480663
EOGHorizontalSignal,10,5,0.5883977900552486
EOGHorizontalSignal,11,1,0.5939226519337016
EOGHorizontalSignal,11,2,0.5773480662983426
EOGHorizontalSignal,11,3,0.5966850828729282
EOGHorizontalSignal,11,4,0.580110497237569
EOGHorizontalSignal,11,5,0.5828729281767956
EOGHorizontalSignal,12,1,0.585635359116022
EOGHorizontalSignal,12,2,0.585635359116022
EOGHorizontalSignal,12,3,0.585635359116022
EOGHorizontalSignal,12,4,0.5662983425414365
EOGHorizontalSignal,12,5,0.569060773480663
EOGHorizontalSignal,13,1,0.5883977900552486
EOGHorizontalSignal,13,2,0.5994475138121547
EOGHorizontalSignal,13,3,0.5939226519337016
EOGHorizontalSignal,13,4,0.5828729281767956
EOGHorizontalSignal,13,5,0.5607734806629834
EOGHorizontalSignal,14,1,0.580110497237569
EOGHorizontalSignal,14,2,0.5607734806629834
EOGHorizontalSignal,14,3,0.56353591160221
EOGHorizontalSignal,14,4,0.5883977900552486
EOGHorizontalSignal,14,5,0.580110497237569
EOGHorizontalSignal,15,1,0.5607734806629834
EOGHorizontalSignal,15,2,0.569060773480663
EOGHorizontalSignal,15,3,0.5552486187845304
EOGHorizontalSignal,15,4,0.56353591160221
EOGHorizontalSignal,15,5,0.5607734806629834
EOGVerticalSignal,3,1,0.47790055248618785
EOGVerticalSignal,3,2,0.47790055248618785
EOGVerticalSignal,3,3,0.4861878453038674
EOGVerticalSignal,3,4,0.4696132596685083
EOGVerticalSignal,3,5,0.47513812154696133
EOGVerticalSignal,4,1,0.5220994475138122
EOGVerticalSignal,4,2,0.5276243093922652
EOGVerticalSignal,4,3,0.5220994475138122
EOGVerticalSignal,4,4,0.5303867403314917
EOGVerticalSignal,4,5,0.5414364640883977
EOGVerticalSignal,5,1,0.5193370165745856
EOGVerticalSignal,5,2,0.5276243093922652
EOGVerticalSignal,5,3,0.5331491712707183
EOGVerticalSignal,5,4,0.5359116022099447
EOGVerticalSignal,5,5,0.5193370165745856
EOGVerticalSignal,6,1,0.5359116022099447
EOGVerticalSignal,6,2,0.5552486187845304
EOGVerticalSignal,6,3,0.5441988950276243
EOGVerticalSignal,6,4,0.5469613259668509
EOGVerticalSignal,6,5,0.5359116022099447
EOGVerticalSignal,7,1,0.5359116022099447
EOGVerticalSignal,7,2,0.5497237569060773
EOGVerticalSignal,7,3,0.5359116022099447
EOGVerticalSignal,7,4,0.5359116022099447
EOGVerticalSignal,7,5,0.5414364640883977
EOGVerticalSignal,8,1,0.5524861878453039
EOGVerticalSignal,8,2,0.5524861878453039
EOGVerticalSignal,8,3,0.5524861878453039
EOGVerticalSignal,8,4,0.5386740331491713
EOGVerticalSignal,8,5,0.5524861878453039
EOGVerticalSignal,9,1,0.5303867403314917
EOGVerticalSignal,9,2,0.5414364640883977
EOGVerticalSignal,9,3,0.56353591160221
EOGVerticalSignal,9,4,0.5441988950276243
EOGVerticalSignal,9,5,0.569060773480663
EOGVerticalSignal,10,1,0.5497237569060773
EOGVerticalSignal,10,2,0.5580110497237569
EOGVerticalSignal,10,3,0.5552486187845304
EOGVerticalSignal,10,4,0.5662983425414365
EOGVerticalSignal,10,5,0.5441988950276243
EOGVerticalSignal,11,1,0.574585635359116
EOGVerticalSignal,11,2,0.5497237569060773
EOGVerticalSignal,11,3,0.5552486187845304
EOGVerticalSignal,11,4,0.5552486187845304
EOGVerticalSignal,11,5,0.56353591160221
EOGVerticalSignal,12,1,0.5607734806629834
EOGVerticalSignal,12,2,0.5662983425414365
EOGVerticalSignal,12,3,0.5469613259668509
EOGVerticalSignal,12,4,0.5441988950276243
EOGVerticalSignal,12,5,0.5469613259668509
EOGVerticalSignal,13,1,0.574585635359116
EOGVerticalSignal,13,2,0.56353591160221
EOGVerticalSignal,13,3,0.5524861878453039
EOGVerticalSignal,13,4,0.5414364640883977
EOGVerticalSignal,13,5,0.5552486187845304
EOGVerticalSignal,14,1,0.5441988950276243
EOGVerticalSignal,14,2,0.56353591160221
EOGVerticalSignal,14,3,0.5607734806629834
EOGVerticalSignal,14,4,0.5607734806629834
EOGVerticalSignal,14,5,0.5552486187845304
EOGVerticalSignal,15,1,0.56353591160221
EOGVerticalSignal,15,2,0.5552486187845304
EOGVerticalSignal,15,3,0.56353591160221
EOGVerticalSignal,15,4,0.5414364640883977
EOGVerticalSignal,15,5,0.56353591160221
Earthquakes,3,1,0.7553956834532374
Earthquakes,3,2,0.7553956834532374
Earthquakes,3,3,0.7553956834532374
Earthquakes,3,4,0.7553956834532374
Earthquakes,3,5,0.7697841726618705
Earthquakes,4,1,0.7482014388489209
Earthquakes,4,2,0.762589928057554
Earthquakes,4,3,0.7482014388489209
Earthquakes,4,4,0.7482014388489209
Earthquakes,4,5,0.7553956834532374
Earthquakes,5,1,0.7410071942446043
Earthquakes,5,2,0.7553956834532374
Earthquakes,5,3,0.7553956834532374
Earthquakes,5,4,0.762589928057554
Earthquakes,5,5,0.762589928057554
Earthquakes,6,1,0.7553956834532374
Earthquakes,6,2,0.7553956834532374
Earthquakes,6,3,0.762589928057554
Earthquakes,6,4,0.7482014388489209
Earthquakes,6,5,0.7482014388489209
Earthquakes,7,1,0.7553956834532374
Earthquakes,7,2,0.7553956834532374
Earthquakes,7,3,0.7482014388489209
Earthquakes,7,4,0.7553956834532374
Earthquakes,7,5,0.7338129496402878
Earthquakes,8,1,0.7553956834532374
Earthquakes,8,2,0.7482014388489209
Earthquakes,8,3,0.7482014388489209
Earthquakes,8,4,0.762589928057554
Earthquakes,8,5,0.7482014388489209
Earthquakes,9,1,0.7553956834532374
Earthquakes,9,2,0.7553956834532374
Earthquakes,9,3,0.7553956834532374
Earthquakes,9,4,0.7553956834532374
Earthquakes,9,5,0.762589928057554
Earthquakes,10,1,0.7338129496402878
Earthquakes,10,2,0.7553956834532374
Earthquakes,10,3,0.762589928057554
Earthquakes,10,4,0.7697841726618705
Earthquakes,10,5,0.762589928057554
Earthquakes,11,1,0.7553956834532374
Earthquakes,11,2,0.7553956834532374
Earthquakes,11,3,0.7482014388489209
Earthquakes,11,4,0.7482014388489209
Earthquakes,11,5,0.7482014388489209
Earthquakes,12,1,0.7553956834532374
Earthquakes,12,2,0.7482014388489209
Earthquakes,12,3,0.7553956834532374
Earthquakes,12,4,0.7553956834532374
Earthquakes,12,5,0.7553956834532374
Earthquakes,13,1,0.7553956834532374
Earthquakes,13,2,0.7553956834532374
Earthquakes,13,3,0.7553956834532374
Earthquakes,13,4,0.7482014388489209
Earthquakes,13,5,0.7482014388489209
Earthquakes,14,1,0.7553956834532374
Earthquakes,14,2,0.7482014388489209
Earthquakes,14,3,0.7482014388489209
Earthquakes,14,4,0.7553956834532374
Earthquakes,14,5,0.762589928057554
Earthquakes,15,1,0.7482014388489209
Earthquakes,15,2,0.7482014388489209
Earthquakes,15,3,0.7410071942446043
Earthquakes,15,4,0.762589928057554
Earthquakes,15,5,0.7482014388489209
ElectricDevices,3,1,0.7154714044870963
ElectricDevices,3,2,0.7171573077421864
ElectricDevices,3,3,0.7179354169368435
ElectricDevices,3,4,0.7194916353261575
ElectricDevices,3,5,0.7210478537154714
ElectricDevices,4,1,0.7228634418363377
ElectricDevices,4,2,0.7331085462326546
ElectricDevices,4,3,0.734146025158864
ElectricDevices,4,4,0.7382959408637012
ElectricDevices,4,5,0.7375178316690443
ElectricDevices,5,1,0.737388146803268
ElectricDevices,5,2,0.7315523278433407
ElectricDevices,5,3,0.746077032810271
ElectricDevices,5,4,0.7445208144209571
ElectricDevices,5,5,0.7442614446894047
ElectricDevices,6,1,0.7408896381792245
ElectricDevices,6,2,0.7357022435481779
ElectricDevices,6,3,0.7393334197899105
ElectricDevices,6,4,0.7399818441187913
ElectricDevices,6,5,0.734146025158864
ElectricDevices,7,1,0.7340163402930878
ElectricDevices,7,2,0.7353131889508494
ElectricDevices,7,3,0.734924134353521
ElectricDevices,7,4,0.7345350797561925
ElectricDevices,7,5,0.7388146803268059
ElectricDevices,8,1,0.7316820127091168
ElectricDevices,8,2,0.7259758786149656
ElectricDevices,8,3,0.7266243029438465
ElectricDevices,8,4,0.7274024121385034
ElectricDevices,8,5,0.7293476851251459
ElectricDevices,9,1,0.727791466735832
ElectricDevices,9,2,0.7302554791855791
ElectricDevices,9,3,0.7244196602256516
ElectricDevices,9,4,0.7266243029438465
ElectricDevices,9,5,0.7290883153935935
ElectricDevices,10,1,0.7227337569705615
ElectricDevices,10,2,0.7251977694203087
ElectricDevices,10,3,0.7200103747892621
ElectricDevices,10,4,0.7227337569705615
ElectricDevices,10,5,0.718324471534172
ElectricDevices,11,1,0.7266243029438465
ElectricDevices,11,2,0.7206587991181429
ElectricDevices,11,3,0.719880689923486
ElectricDevices,11,4,0.7184541563999481
ElectricDevices,11,5,0.7236415510309947
ElectricDevices,12,1,0.7168979380106342
ElectricDevices,12,2,0.7180651018026196
ElectricDevices,12,3,0.7157307742186487
ElectricDevices,12,4,0.7187135261315004
ElectricDevices,12,5,0.7174166774737388
ElectricDevices,13,1,0.7168979380106342
ElectricDevices,13,2,0.7165088834133057
ElectricDevices,13,3,0.7146932952924394
ElectricDevices,13,4,0.716768253144858
ElectricDevices,13,5,0.7165088834133057
ElectricDevices,14,1,0.7120995979769161
ElectricDevices,14,2,0.7127480223057969
ElectricDevices,14,3,0.714433925560887
ElectricDevices,14,4,0.7122292828426923
ElectricDevices,14,5,0.7124886525742445
ElectricDevices,15,1,0.709635585527169
ElectricDevices,15,2,0.7126183374400208
ElectricDevices,15,3,0.7145636104266632
ElectricDevices,15,4,0.7079496822720789
ElectricDevices,15,5,0.7148229801582155
EthanolLevel,3,1,0.596
EthanolLevel,3,2,0.606
EthanolLevel,3,3,0.604
EthanolLevel,3,4,0.608
EthanolLevel,3,5,0.594
EthanolLevel,4,1,0.594
EthanolLevel,4,2,0.598
EthanolLevel,4,3,0.594
EthanolLevel,4,4,0.59
EthanolLevel,4,5,0.596
EthanolLevel,5,1,0.588
EthanolLevel,5,2,0.598
EthanolLevel,5,3,0.6
EthanolLevel,5,4,0.586
EthanolLevel,5,5,0.588
EthanolLevel,6,1,0.598
EthanolLevel,6,2,0.604
EthanolLevel,6,3,0.59
EthanolLevel,6,4,0.592
EthanolLevel,6,5,0.584
EthanolLevel,7,1,0.592
EthanolLevel,7,2,0.576
EthanolLevel,7,3,0.596
EthanolLevel,7,4,0.578
EthanolLevel,7,5,0.586
EthanolLevel,8,1,0.59
EthanolLevel,8,2,0.584
EthanolLevel,8,3,0.6
EthanolLevel,8,4,0.574
EthanolLevel,8,5,0.588
EthanolLevel,9,1,0.576
EthanolLevel,9,2,0.588
EthanolLevel,9,3,0.584
EthanolLevel,9,4,0.576
EthanolLevel,9,5,0.584
EthanolLevel,10,1,0.596
EthanolLevel,10,2,0.582
EthanolLevel,10,3,0.584
EthanolLevel,10,4,0.58
EthanolLevel,10,5,0.588
EthanolLevel,11,1,0.59
EthanolLevel,11,2,0.582
EthanolLevel,11,3,0.576
EthanolLevel,11,4,0.578
EthanolLevel,11,5,0.586
EthanolLevel,12,1,0.588
EthanolLevel,12,2,0.582
EthanolLevel,12,3,0.586
EthanolLevel,12,4,0.576
EthanolLevel,12,5,0.588
EthanolLevel,13,1,0.592
EthanolLevel,13,2,0.582
EthanolLevel,13,3,0.578
EthanolLevel,13,4,0.578
EthanolLevel,13,5,0.58
EthanolLevel,14,1,0.58
EthanolLevel,14,2,0.586
EthanolLevel,14,3,0.588
EthanolLevel,14,4,0.586
EthanolLevel,14,5,0.578
EthanolLevel,15,1,0.578
EthanolLevel,15,2,0.578
EthanolLevel,15,3,0.576
EthanolLevel,15,4,0.584
EthanolLevel,15,5,0.598
